familyId,configuration,seed,generatorRevision,taskId,mainAnswer,independentMainNumeric,correctOptionIndex0,variationAnswer,independentVariationNumeric,qaUrl
"reverseDigits","reverseDigits","1","3","COMP-E3BFBF87","65","65","3","56","56","../qa/?familyId=reverseDigits&configuration=reverseDigits&seed=1&generatorRevision=3"
"reverseDigits","reverseDigits","2","3","COMP-88E4AE30","31","31","0","13","13","../qa/?familyId=reverseDigits&configuration=reverseDigits&seed=2&generatorRevision=3"
"reverseDigits","reverseDigits","129","3","COMP-2F22C65B","61","61","0","16","16","../qa/?familyId=reverseDigits&configuration=reverseDigits&seed=129&generatorRevision=3"
"reverseDigits","reverseDigits","2147483646","3","COMP-88E4AE30","31","31","4","13","13","../qa/?familyId=reverseDigits&configuration=reverseDigits&seed=2147483646&generatorRevision=3"
"reverseDigits","reverseDigits","2147483647","3","COMP-ED8A0EC6","62","62","3","26","26","../qa/?familyId=reverseDigits&configuration=reverseDigits&seed=2147483647&generatorRevision=3"
"fractionBackwards","fractionBackwards","1","3","COMP-D870504A","60","60","4","10","10","../qa/?familyId=fractionBackwards&configuration=fractionBackwards&seed=1&generatorRevision=3"
"fractionBackwards","fractionBackwards","2","3","COMP-92352F80","24","24","4","4","4","../qa/?familyId=fractionBackwards&configuration=fractionBackwards&seed=2&generatorRevision=3"
"fractionBackwards","fractionBackwards","129","3","COMP-23D9B332","6","6","1","1","1","../qa/?familyId=fractionBackwards&configuration=fractionBackwards&seed=129&generatorRevision=3"
"fractionBackwards","fractionBackwards","2147483646","3","COMP-92352F80","24","24","3","4","4","../qa/?familyId=fractionBackwards&configuration=fractionBackwards&seed=2147483646&generatorRevision=3"
"fractionBackwards","fractionBackwards","2147483647","3","COMP-23D9B332","6","6","0","1","1","../qa/?familyId=fractionBackwards&configuration=fractionBackwards&seed=2147483647&generatorRevision=3"
"percentRoundTrip","percentRoundTrip","1","3","COMP-71C8D483","8","8","3","50/3","16.666666666666664","../qa/?familyId=percentRoundTrip&configuration=percentRoundTrip&seed=1&generatorRevision=3"
"percentRoundTrip","percentRoundTrip","2","3","COMP-79C6C0DB","43.75","43.75","0","20","20","../qa/?familyId=percentRoundTrip&configuration=percentRoundTrip&seed=2&generatorRevision=3"
"percentRoundTrip","percentRoundTrip","129","3","COMP-CB1C4DCF","24","24","0","50/3","16.666666666666664","../qa/?familyId=percentRoundTrip&configuration=percentRoundTrip&seed=129&generatorRevision=3"
"percentRoundTrip","percentRoundTrip","2147483646","3","COMP-79C6C0DB","43.75","43.75","4","20","20","../qa/?familyId=percentRoundTrip&configuration=percentRoundTrip&seed=2147483646&generatorRevision=3"
"percentRoundTrip","percentRoundTrip","2147483647","3","COMP-FF6761AE","200","200","3","100/3","33.33333333333333","../qa/?familyId=percentRoundTrip&configuration=percentRoundTrip&seed=2147483647&generatorRevision=3"
"squareBorder","squareBorder","1","3","COMP-F20B33CD","52","52","4","25","25","../qa/?familyId=squareBorder&configuration=squareBorder&seed=1&generatorRevision=3"
"squareBorder","squareBorder","2","3","COMP-C41E5837","88","88","4","43","43","../qa/?familyId=squareBorder&configuration=squareBorder&seed=2&generatorRevision=3"
"squareBorder","squareBorder","129","3","COMP-B5BD235E","36","36","1","17","17","../qa/?familyId=squareBorder&configuration=squareBorder&seed=129&generatorRevision=3"
"squareBorder","squareBorder","2147483646","3","COMP-C41E5837","88","88","3","43","43","../qa/?familyId=squareBorder&configuration=squareBorder&seed=2147483646&generatorRevision=3"
"squareBorder","squareBorder","2147483647","3","COMP-6054BB63","76","76","0","37","37","../qa/?familyId=squareBorder&configuration=squareBorder&seed=2147483647&generatorRevision=3"
"ratioEqualize","ratioEqualize","1","3","COMP-F025D509","28","28","1","28","28","../qa/?familyId=ratioEqualize&configuration=ratioEqualize&seed=1&generatorRevision=3"
"ratioEqualize","ratioEqualize","2","3","COMP-3E188339","16","16","4","24","24","../qa/?familyId=ratioEqualize&configuration=ratioEqualize&seed=2&generatorRevision=3"
"ratioEqualize","ratioEqualize","129","3","COMP-63A54860","35","35","3","28","28","../qa/?familyId=ratioEqualize&configuration=ratioEqualize&seed=129&generatorRevision=3"
"ratioEqualize","ratioEqualize","2147483646","3","COMP-22BD93B5","32","32","0","48","48","../qa/?familyId=ratioEqualize&configuration=ratioEqualize&seed=2147483646&generatorRevision=3"
"ratioEqualize","ratioEqualize","2147483647","3","COMP-0AB0DD63","30","30","0","40","40","../qa/?familyId=ratioEqualize&configuration=ratioEqualize&seed=2147483647&generatorRevision=3"
"packPrice","packPrice","1","3","COMP-38ED6AF2","36","36","1","36","36","../qa/?familyId=packPrice&configuration=packPrice&seed=1&generatorRevision=3"
"packPrice","packPrice","2","3","COMP-3B094D79","22","22","1","20","20","../qa/?familyId=packPrice&configuration=packPrice&seed=2&generatorRevision=3"
"packPrice","packPrice","129","3","COMP-94EEE9C7","58","58","0","58","58","../qa/?familyId=packPrice&configuration=packPrice&seed=129&generatorRevision=3"
"packPrice","packPrice","2147483646","3","COMP-1A835B47","21","21","3","20","20","../qa/?familyId=packPrice&configuration=packPrice&seed=2147483646&generatorRevision=3"
"packPrice","packPrice","2147483647","3","COMP-38ED6AF2","36","36","0","36","36","../qa/?familyId=packPrice&configuration=packPrice&seed=2147483647&generatorRevision=3"
"equalDistanceSpeed","equalDistanceSpeed","1","3","COMP-45276E23","44/3","14.666666666666666","0","33/2","16.5","../qa/?familyId=equalDistanceSpeed&configuration=equalDistanceSpeed&seed=1&generatorRevision=3"
"equalDistanceSpeed","equalDistanceSpeed","2","3","COMP-58EAD587","80/3","26.666666666666668","4","30","30","../qa/?familyId=equalDistanceSpeed&configuration=equalDistanceSpeed&seed=2&generatorRevision=3"
"equalDistanceSpeed","equalDistanceSpeed","129","3","COMP-2CB7A9CE","28/3","9.333333333333334","4","21/2","10.5","../qa/?familyId=equalDistanceSpeed&configuration=equalDistanceSpeed&seed=129&generatorRevision=3"
"equalDistanceSpeed","equalDistanceSpeed","2147483646","3","COMP-58EAD587","80/3","26.666666666666668","0","30","30","../qa/?familyId=equalDistanceSpeed&configuration=equalDistanceSpeed&seed=2147483646&generatorRevision=3"
"equalDistanceSpeed","equalDistanceSpeed","2147483647","3","COMP-24BCE961","68/3","22.666666666666668","1","51/2","25.5","../qa/?familyId=equalDistanceSpeed&configuration=equalDistanceSpeed&seed=2147483647&generatorRevision=3"
"oppositeScale","oppositeScale","1","3","COMP-7AFB9956","12","12","1","25/9","2.777777777777778","../qa/?familyId=oppositeScale&configuration=oppositeScale&seed=1&generatorRevision=3"
"oppositeScale","oppositeScale","2","3","COMP-235458FC","200/7","28.571428571428573","0","49/16","3.0625","../qa/?familyId=oppositeScale&configuration=oppositeScale&seed=2&generatorRevision=3"
"oppositeScale","oppositeScale","129","3","COMP-71B5D02C","24","24","3","25/9","2.777777777777778","../qa/?familyId=oppositeScale&configuration=oppositeScale&seed=129&generatorRevision=3"
"oppositeScale","oppositeScale","2147483646","3","COMP-71178436","140/3","46.666666666666664","2","9/4","2.25","../qa/?familyId=oppositeScale&configuration=oppositeScale&seed=2147483646&generatorRevision=3"
"oppositeScale","oppositeScale","2147483647","3","COMP-399A767A","40","40","0","4","4","../qa/?familyId=oppositeScale&configuration=oppositeScale&seed=2147483647&generatorRevision=3"
"balanceCancel","balanceCancel","1","3","COMP-8EB0A25B","12","12","1","12","12","../qa/?familyId=balanceCancel&configuration=balanceCancel&seed=1&generatorRevision=3"
"balanceCancel","balanceCancel","2","3","COMP-3D800AD1","21","21","4","21","21","../qa/?familyId=balanceCancel&configuration=balanceCancel&seed=2&generatorRevision=3"
"balanceCancel","balanceCancel","129","3","COMP-013EAA8A","8","8","3","8","8","../qa/?familyId=balanceCancel&configuration=balanceCancel&seed=129&generatorRevision=3"
"balanceCancel","balanceCancel","2147483646","3","COMP-128788BF","21","21","0","21","21","../qa/?familyId=balanceCancel&configuration=balanceCancel&seed=2147483646&generatorRevision=3"
"balanceCancel","balanceCancel","2147483647","3","COMP-F11CC5BD","18","18","0","18","18","../qa/?familyId=balanceCancel&configuration=balanceCancel&seed=2147483647&generatorRevision=3"
"tickets","tickets","1","3","COMP-1F75801C","6","6","1","7","7","../qa/?familyId=tickets&configuration=tickets&seed=1&generatorRevision=3"
"tickets","tickets","2","3","COMP-47EB0CAC","1","1","1","2","2","../qa/?familyId=tickets&configuration=tickets&seed=2&generatorRevision=3"
"tickets","tickets","129","3","COMP-412D81B3","6","6","0","6","6","../qa/?familyId=tickets&configuration=tickets&seed=129&generatorRevision=3"
"tickets","tickets","2147483646","3","COMP-0B1CA2D6","10","10","3","3","3","../qa/?familyId=tickets&configuration=tickets&seed=2147483646&generatorRevision=3"
"tickets","tickets","2147483647","3","COMP-3B2D60AA","3","3","2","4","4","../qa/?familyId=tickets&configuration=tickets&seed=2147483647&generatorRevision=3"
"recurrenceBackwards","recurrenceBackwards","1","3","COMP-42B279CA","2","2","1","3","3","../qa/?familyId=recurrenceBackwards&configuration=recurrenceBackwards&seed=1&generatorRevision=3"
"recurrenceBackwards","recurrenceBackwards","2","3","COMP-EF960481","3","3","4","5","5","../qa/?familyId=recurrenceBackwards&configuration=recurrenceBackwards&seed=2&generatorRevision=3"
"recurrenceBackwards","recurrenceBackwards","129","3","COMP-2FA21DB9","2","2","3","3","3","../qa/?familyId=recurrenceBackwards&configuration=recurrenceBackwards&seed=129&generatorRevision=3"
"recurrenceBackwards","recurrenceBackwards","2147483646","3","COMP-AA621840","7","7","0","5","5","../qa/?familyId=recurrenceBackwards&configuration=recurrenceBackwards&seed=2147483646&generatorRevision=3"
"recurrenceBackwards","recurrenceBackwards","2147483647","3","COMP-599FDE15","8","8","0","8","8","../qa/?familyId=recurrenceBackwards&configuration=recurrenceBackwards&seed=2147483647&generatorRevision=3"
"linearTable","linearTable","1","3","COMP-2B4E2DC1","35","35","1","45","45","../qa/?familyId=linearTable&configuration=linearTable&seed=1&generatorRevision=3"
"linearTable","linearTable","2","3","COMP-25E42099","41","41","1","44","44","../qa/?familyId=linearTable&configuration=linearTable&seed=2&generatorRevision=3"
"linearTable","linearTable","129","3","COMP-1BC2F078","42","42","0","54","54","../qa/?familyId=linearTable&configuration=linearTable&seed=129&generatorRevision=3"
"linearTable","linearTable","2147483646","3","COMP-30ADD174","52","52","3","102","102","../qa/?familyId=linearTable&configuration=linearTable&seed=2147483646&generatorRevision=3"
"linearTable","linearTable","2147483647","3","COMP-E92D1EBA","38","38","2","44","44","../qa/?familyId=linearTable&configuration=linearTable&seed=2147483647&generatorRevision=3"
"divisibleDigits","divisibleDigits","1","3","COMP-D273E687","2655","2655","3","2952","2952","../qa/?familyId=divisibleDigits&configuration=divisibleDigits&seed=1&generatorRevision=3"
"divisibleDigits","divisibleDigits","2","3","COMP-FBD02D4F","3645","3645","0","3942","3942","../qa/?familyId=divisibleDigits&configuration=divisibleDigits&seed=2&generatorRevision=3"
"divisibleDigits","divisibleDigits","129","3","COMP-90D99BF2","2565","2565","0","2862","2862","../qa/?familyId=divisibleDigits&configuration=divisibleDigits&seed=129&generatorRevision=3"
"divisibleDigits","divisibleDigits","2147483646","3","COMP-7798D530","7515","7515","4","7812","7812","../qa/?familyId=divisibleDigits&configuration=divisibleDigits&seed=2147483646&generatorRevision=3"
"divisibleDigits","divisibleDigits","2147483647","3","COMP-E000C9DC","8820","8820","3","8928","8928","../qa/?familyId=divisibleDigits&configuration=divisibleDigits&seed=2147483647&generatorRevision=3"
"factorBalance","factorBalance","1","3","COMP-F251E298","16","16","4","64","64","../qa/?familyId=factorBalance&configuration=factorBalance&seed=1&generatorRevision=3"
"factorBalance","factorBalance","2","3","COMP-C0DBA618","22","22","4","121","121","../qa/?familyId=factorBalance&configuration=factorBalance&seed=2&generatorRevision=3"
"factorBalance","factorBalance","129","3","COMP-3ED30967","14","14","1","49","49","../qa/?familyId=factorBalance&configuration=factorBalance&seed=129&generatorRevision=3"
"factorBalance","factorBalance","2147483646","3","COMP-C0DBA618","22","22","3","121","121","../qa/?familyId=factorBalance&configuration=factorBalance&seed=2147483646&generatorRevision=3"
"factorBalance","factorBalance","2147483647","3","COMP-C69C0970","20","20","0","97","97","../qa/?familyId=factorBalance&configuration=factorBalance&seed=2147483647&generatorRevision=3"
"bells","bells","1","3","COMP-A3FEADC6","5","5","1","2","2","../qa/?familyId=bells&configuration=bells&seed=1&generatorRevision=3"
"bells","bells","2","3","COMP-247D782C","4","4","1","2","2","../qa/?familyId=bells&configuration=bells&seed=2&generatorRevision=3"
"bells","bells","129","3","COMP-8F20CE4A","7","7","0","2","2","../qa/?familyId=bells&configuration=bells&seed=129&generatorRevision=3"
"bells","bells","2147483646","3","COMP-DEF325B1","6","6","3","2","2","../qa/?familyId=bells&configuration=bells&seed=2147483646&generatorRevision=3"
"bells","bells","2147483647","3","COMP-D81AB52A","5","5","2","2","2","../qa/?familyId=bells&configuration=bells&seed=2147483647&generatorRevision=3"
"lastDigit","lastDigit","1","3","COMP-1FD56004","3","3","3","2","2","../qa/?familyId=lastDigit&configuration=lastDigit&seed=1&generatorRevision=3"
"lastDigit","lastDigit","2","3","COMP-35685E8C","9","9","0","2","2","../qa/?familyId=lastDigit&configuration=lastDigit&seed=2&generatorRevision=3"
"lastDigit","lastDigit","129","3","COMP-1EFA7714","3","3","0","2","2","../qa/?familyId=lastDigit&configuration=lastDigit&seed=129&generatorRevision=3"
"lastDigit","lastDigit","2147483646","3","COMP-4CE956EE","9","9","4","2","2","../qa/?familyId=lastDigit&configuration=lastDigit&seed=2147483646&generatorRevision=3"
"lastDigit","lastDigit","2147483647","3","COMP-78080B41","2","2","3","8","8","../qa/?familyId=lastDigit&configuration=lastDigit&seed=2147483647&generatorRevision=3"
"fixedPerimeter","fixedPerimeter","1","3","COMP-B7741EA1","56","56","4","36","36","../qa/?familyId=fixedPerimeter&configuration=fixedPerimeter&seed=1&generatorRevision=3"
"fixedPerimeter","fixedPerimeter","2","3","COMP-15BFA3E9","144","144","4","63","63","../qa/?familyId=fixedPerimeter&configuration=fixedPerimeter&seed=2&generatorRevision=3"
"fixedPerimeter","fixedPerimeter","129","3","COMP-05518E75","30","30","1","24","24","../qa/?familyId=fixedPerimeter&configuration=fixedPerimeter&seed=129&generatorRevision=3"
"fixedPerimeter","fixedPerimeter","2147483646","3","COMP-15BFA3E9","144","144","3","63","63","../qa/?familyId=fixedPerimeter&configuration=fixedPerimeter&seed=2147483646&generatorRevision=3"
"fixedPerimeter","fixedPerimeter","2147483647","3","COMP-F70BDA16","110","110","0","54","54","../qa/?familyId=fixedPerimeter&configuration=fixedPerimeter&seed=2147483647&generatorRevision=3"
"outsideAngle","outsideAngle","1","3","COMP-BA0EDF2F","117","117","4","63","63","../qa/?familyId=outsideAngle&configuration=outsideAngle&seed=1&generatorRevision=3"
"outsideAngle","outsideAngle","2","3","COMP-D50D6E02","134","134","4","46","46","../qa/?familyId=outsideAngle&configuration=outsideAngle&seed=2&generatorRevision=3"
"outsideAngle","outsideAngle","129","3","COMP-BA0EDF2F","117","117","1","63","63","../qa/?familyId=outsideAngle&configuration=outsideAngle&seed=129&generatorRevision=3"
"outsideAngle","outsideAngle","2147483646","3","COMP-8777A00F","135","135","3","45","45","../qa/?familyId=outsideAngle&configuration=outsideAngle&seed=2147483646&generatorRevision=3"
"outsideAngle","outsideAngle","2147483647","3","COMP-40D4B270","156","156","0","24","24","../qa/?familyId=outsideAngle&configuration=outsideAngle&seed=2147483647&generatorRevision=3"
"overlapSquares","overlapSquares","1","3","COMP-4DDFC326","68","68","1","64","64","../qa/?familyId=overlapSquares&configuration=overlapSquares&seed=1&generatorRevision=3"
"overlapSquares","overlapSquares","2","3","COMP-DE0CFDD6","74","74","4","50","50","../qa/?familyId=overlapSquares&configuration=overlapSquares&seed=2&generatorRevision=3"
"overlapSquares","overlapSquares","129","3","COMP-8C824744","62","62","3","52","52","../qa/?familyId=overlapSquares&configuration=overlapSquares&seed=129&generatorRevision=3"
"overlapSquares","overlapSquares","2147483646","3","COMP-0E5D376D","218","218","0","194","194","../qa/?familyId=overlapSquares&configuration=overlapSquares&seed=2147483646&generatorRevision=3"
"overlapSquares","overlapSquares","2147483647","3","COMP-2B53DF2E","264","264","0","240","240","../qa/?familyId=overlapSquares&configuration=overlapSquares&seed=2147483647&generatorRevision=3"
"circleRoute","circleRoute","1","3","COMP-912DA62A","3","3","1","36","36","../qa/?familyId=circleRoute&configuration=circleRoute&seed=1&generatorRevision=3"
"circleRoute","circleRoute","2","3","COMP-7ED1B1CC","20","20","4","44","44","../qa/?familyId=circleRoute&configuration=circleRoute&seed=2&generatorRevision=3"
"circleRoute","circleRoute","129","3","COMP-AB312CBF","3","3","3","24","24","../qa/?familyId=circleRoute&configuration=circleRoute&seed=129&generatorRevision=3"
"circleRoute","circleRoute","2147483646","3","COMP-A9B6AC26","16","16","0","44","44","../qa/?familyId=circleRoute&configuration=circleRoute&seed=2147483646&generatorRevision=3"
"circleRoute","circleRoute","2147483647","3","COMP-D12F212F","15","15","0","40","40","../qa/?familyId=circleRoute&configuration=circleRoute&seed=2147483647&generatorRevision=3"
"similarAreaPerimeter","similarAreaPerimeter","1","3","COMP-6CAE2E38","60","60","1","25","25","../qa/?familyId=similarAreaPerimeter&configuration=similarAreaPerimeter&seed=1&generatorRevision=3"
"similarAreaPerimeter","similarAreaPerimeter","2","3","COMP-F64C4C8F","35","35","4","49","49","../qa/?familyId=similarAreaPerimeter&configuration=similarAreaPerimeter&seed=2&generatorRevision=3"
"similarAreaPerimeter","similarAreaPerimeter","129","3","COMP-A8E9E329","40","40","3","25","25","../qa/?familyId=similarAreaPerimeter&configuration=similarAreaPerimeter&seed=129&generatorRevision=3"
"similarAreaPerimeter","similarAreaPerimeter","2147483646","3","COMP-D6476F4C","91","91","0","49","49","../qa/?familyId=similarAreaPerimeter&configuration=similarAreaPerimeter&seed=2147483646&generatorRevision=3"
"similarAreaPerimeter","similarAreaPerimeter","2147483647","3","COMP-788FBF8D","54","54","0","81","81","../qa/?familyId=similarAreaPerimeter&configuration=similarAreaPerimeter&seed=2147483647&generatorRevision=3"
"ladderShift","ladderShift","1","3","COMP-C1A9C0DA","10","10","4","30","30","../qa/?familyId=ladderShift&configuration=ladderShift&seed=1&generatorRevision=3"
"ladderShift","ladderShift","2","3","COMP-94FA83D9","19","19","4","57","57","../qa/?familyId=ladderShift&configuration=ladderShift&seed=2&generatorRevision=3"
"ladderShift","ladderShift","129","3","COMP-93FC08EB","6","6","1","18","18","../qa/?familyId=ladderShift&configuration=ladderShift&seed=129&generatorRevision=3"
"ladderShift","ladderShift","2147483646","3","COMP-94FA83D9","19","19","3","57","57","../qa/?familyId=ladderShift&configuration=ladderShift&seed=2147483646&generatorRevision=3"
"ladderShift","ladderShift","2147483647","3","COMP-E4A23654","16","16","0","48","48","../qa/?familyId=ladderShift&configuration=ladderShift&seed=2147483647&generatorRevision=3"
"paintedCube","paintedCube","1","3","COMP-CD0CB1A0","120","120","4","288","288","../qa/?familyId=paintedCube&configuration=paintedCube&seed=1&generatorRevision=3"
"paintedCube","paintedCube","2","3","COMP-737BE58B","48","48","4","72","72","../qa/?familyId=paintedCube&configuration=paintedCube&seed=2&generatorRevision=3"
"paintedCube","paintedCube","129","3","COMP-B91F30C8","12","12","1","18","18","../qa/?familyId=paintedCube&configuration=paintedCube&seed=129&generatorRevision=3"
"paintedCube","paintedCube","2147483646","3","COMP-737BE58B","48","48","3","72","72","../qa/?familyId=paintedCube&configuration=paintedCube&seed=2147483646&generatorRevision=3"
"paintedCube","paintedCube","2147483647","3","COMP-B91F30C8","12","12","0","18","18","../qa/?familyId=paintedCube&configuration=paintedCube&seed=2147483647&generatorRevision=3"
"exactlyOneSet","exactlyOneSet","1","3","COMP-F9A262F3","5","5","1","4","4","../qa/?familyId=exactlyOneSet&configuration=exactlyOneSet&seed=1&generatorRevision=3"
"exactlyOneSet","exactlyOneSet","2","3","COMP-1E4F585A","13","13","4","12","12","../qa/?familyId=exactlyOneSet&configuration=exactlyOneSet&seed=2&generatorRevision=3"
"exactlyOneSet","exactlyOneSet","129","3","COMP-E0B3FF9D","7","7","3","6","6","../qa/?familyId=exactlyOneSet&configuration=exactlyOneSet&seed=129&generatorRevision=3"
"exactlyOneSet","exactlyOneSet","2147483646","3","COMP-9E6099FA","11","11","0","10","10","../qa/?familyId=exactlyOneSet&configuration=exactlyOneSet&seed=2147483646&generatorRevision=3"
"exactlyOneSet","exactlyOneSet","2147483647","3","COMP-7DB47E6D","9","9","0","8","8","../qa/?familyId=exactlyOneSet&configuration=exactlyOneSet&seed=2147483647&generatorRevision=3"
"gridDetour","gridDetour","1","3","COMP-0C71AABB","8","8","1","10","10","../qa/?familyId=gridDetour&configuration=gridDetour&seed=1&generatorRevision=3"
"gridDetour","gridDetour","2","3","COMP-C198B707","7","7","1","5","5","../qa/?familyId=gridDetour&configuration=gridDetour&seed=2&generatorRevision=3"
"gridDetour","gridDetour","129","3","COMP-D39846C9","15","15","0","20","20","../qa/?familyId=gridDetour&configuration=gridDetour&seed=129&generatorRevision=3"
"gridDetour","gridDetour","2147483646","3","COMP-80860AF0","6","6","3","5","5","../qa/?familyId=gridDetour&configuration=gridDetour&seed=2147483646&generatorRevision=3"
"gridDetour","gridDetour","2147483647","3","COMP-E0FD236E","41","41","2","21","21","../qa/?familyId=gridDetour&configuration=gridDetour&seed=2147483647&generatorRevision=3"
"adjacentLine","adjacentLine","1","3","COMP-DB6C8679","10080","10080","4","30240","30240","../qa/?familyId=adjacentLine&configuration=adjacentLine&seed=1&generatorRevision=3"
"adjacentLine","adjacentLine","2","3","COMP-2B1438F4","1440","1440","4","3600","3600","../qa/?familyId=adjacentLine&configuration=adjacentLine&seed=2&generatorRevision=3"
"adjacentLine","adjacentLine","129","3","COMP-C28BFFF5","12","12","1","12","12","../qa/?familyId=adjacentLine&configuration=adjacentLine&seed=129&generatorRevision=3"
"adjacentLine","adjacentLine","2147483646","3","COMP-2B1438F4","1440","1440","3","3600","3600","../qa/?familyId=adjacentLine&configuration=adjacentLine&seed=2147483646&generatorRevision=3"
"adjacentLine","adjacentLine","2147483647","3","COMP-C28BFFF5","12","12","0","12","12","../qa/?familyId=adjacentLine&configuration=adjacentLine&seed=2147483647&generatorRevision=3"
"restrictedTeam","restrictedTeam","1","3","COMP-4D7AA0BD","442","442","4","13","13","../qa/?familyId=restrictedTeam&configuration=restrictedTeam&seed=1&generatorRevision=3"
"restrictedTeam","restrictedTeam","2","3","COMP-F8A2F9F2","77","77","4","7","7","../qa/?familyId=restrictedTeam&configuration=restrictedTeam&seed=2&generatorRevision=3"
"restrictedTeam","restrictedTeam","129","3","COMP-1EE25503","16","16","1","4","4","../qa/?familyId=restrictedTeam&configuration=restrictedTeam&seed=129&generatorRevision=3"
"restrictedTeam","restrictedTeam","2147483646","3","COMP-F8A2F9F2","77","77","3","7","7","../qa/?familyId=restrictedTeam&configuration=restrictedTeam&seed=2147483646&generatorRevision=3"
"restrictedTeam","restrictedTeam","2147483647","3","COMP-1EE25503","16","16","0","4","4","../qa/?familyId=restrictedTeam&configuration=restrictedTeam&seed=2147483647&generatorRevision=3"
"digitComplement","digitComplement","1","3","COMP-59B8AEEE","271","271","3","243","243","../qa/?familyId=digitComplement&configuration=digitComplement&seed=1&generatorRevision=3"
"digitComplement","digitComplement","2","3","COMP-3585EA54","19","19","0","18","18","../qa/?familyId=digitComplement&configuration=digitComplement&seed=2&generatorRevision=3"
"digitComplement","digitComplement","129","3","COMP-532527C2","271","271","0","243","243","../qa/?familyId=digitComplement&configuration=digitComplement&seed=129&generatorRevision=3"
"digitComplement","digitComplement","2147483646","3","COMP-3585EA54","19","19","4","18","18","../qa/?familyId=digitComplement&configuration=digitComplement&seed=2147483646&generatorRevision=3"
"digitComplement","digitComplement","2147483647","3","COMP-532527C2","271","271","3","243","243","../qa/?familyId=digitComplement&configuration=digitComplement&seed=2147483647&generatorRevision=3"
"chartScale","chartScale","1","3","COMP-DB1CDB74","24","24","1","9","9","../qa/?familyId=chartScale&configuration=chartScale&seed=1&generatorRevision=3"
"chartScale","chartScale","2","3","COMP-484D1028","40","40","1","12","12","../qa/?familyId=chartScale&configuration=chartScale&seed=2&generatorRevision=3"
"chartScale","chartScale","129","3","COMP-19DB88E8","24","24","0","9","9","../qa/?familyId=chartScale&configuration=chartScale&seed=129&generatorRevision=3"
"chartScale","chartScale","2147483646","3","COMP-494BE47A","48","48","3","24","24","../qa/?familyId=chartScale&configuration=chartScale&seed=2147483646&generatorRevision=3"
"chartScale","chartScale","2147483647","3","COMP-CD9849E2","72","72","2","27","27","../qa/?familyId=chartScale&configuration=chartScale&seed=2147483647&generatorRevision=3"
"missingAverage","missingAverage","1","3","COMP-D1DCFF75","21","21","1","43/3","14.333333333333334","../qa/?familyId=missingAverage&configuration=missingAverage&seed=1&generatorRevision=3"
"missingAverage","missingAverage","2","3","COMP-6880D7F5","32","32","4","134/7","19.142857142857142","../qa/?familyId=missingAverage&configuration=missingAverage&seed=2&generatorRevision=3"
"missingAverage","missingAverage","129","3","COMP-AF262A08","19","19","3","37/3","12.333333333333334","../qa/?familyId=missingAverage&configuration=missingAverage&seed=129&generatorRevision=3"
"missingAverage","missingAverage","2147483646","3","COMP-710585FB","37","37","0","55/3","18.333333333333332","../qa/?familyId=missingAverage&configuration=missingAverage&seed=2147483646&generatorRevision=3"
"missingAverage","missingAverage","2147483647","3","COMP-832BA120","37","37","0","139/7","19.857142857142858","../qa/?familyId=missingAverage&configuration=missingAverage&seed=2147483647&generatorRevision=3"
"diceSum","diceSum","1","3","COMP-D9281A42","7/64","0.109375","1","3/28","0.10714285714285714","../qa/?familyId=diceSum&configuration=diceSum&seed=1&generatorRevision=3"
"diceSum","diceSum","2","3","COMP-CE859DC6","1/7","0.14285714285714285","0","1/7","0.14285714285714285","../qa/?familyId=diceSum&configuration=diceSum&seed=2&generatorRevision=3"
"diceSum","diceSum","129","3","COMP-7C1FC450","1/8","0.125","2","1/6","0.16666666666666666","../qa/?familyId=diceSum&configuration=diceSum&seed=129&generatorRevision=3"
"diceSum","diceSum","2147483646","3","COMP-CE859DC6","1/7","0.14285714285714285","2","1/7","0.14285714285714285","../qa/?familyId=diceSum&configuration=diceSum&seed=2147483646&generatorRevision=3"
"diceSum","diceSum","2147483647","3","COMP-E89D763F","3/16","0.1875","1","1/6","0.16666666666666666","../qa/?familyId=diceSum&configuration=diceSum&seed=2147483647&generatorRevision=3"
"foldHoles","foldHoles","1","3","COMP-93ABBDD4","13","13","1","15","15","../qa/?familyId=foldHoles&configuration=foldHoles&seed=1&generatorRevision=3"
"foldHoles","foldHoles","2","3","COMP-768E48E9","18","18","4","20","20","../qa/?familyId=foldHoles&configuration=foldHoles&seed=2&generatorRevision=3"
"foldHoles","foldHoles","129","3","COMP-93ABBDD4","13","13","3","15","15","../qa/?familyId=foldHoles&configuration=foldHoles&seed=129&generatorRevision=3"
"foldHoles","foldHoles","2147483646","3","COMP-768E48E9","18","18","0","20","20","../qa/?familyId=foldHoles&configuration=foldHoles&seed=2147483646&generatorRevision=3"
"foldHoles","foldHoles","2147483647","3","COMP-B0623E48","25","25","0","27","27","../qa/?familyId=foldHoles&configuration=foldHoles&seed=2147483647&generatorRevision=3"
"checkerDomino","checkerDomino","1","3","COMP-24B6A101","22","22","3","23","23","../qa/?familyId=checkerDomino&configuration=checkerDomino&seed=1&generatorRevision=3"
"checkerDomino","checkerDomino","2","3","COMP-0EA07125","8","8","0","9","9","../qa/?familyId=checkerDomino&configuration=checkerDomino&seed=2&generatorRevision=3"
"checkerDomino","checkerDomino","129","3","COMP-2CFFBF0D","22","22","0","23","23","../qa/?familyId=checkerDomino&configuration=checkerDomino&seed=129&generatorRevision=3"
"checkerDomino","checkerDomino","2147483646","3","COMP-0EA07125","8","8","4","9","9","../qa/?familyId=checkerDomino&configuration=checkerDomino&seed=2147483646&generatorRevision=3"
"checkerDomino","checkerDomino","2147483647","3","COMP-91E82DA2","6","6","3","7","7","../qa/?familyId=checkerDomino&configuration=checkerDomino&seed=2147483647&generatorRevision=3"
"natural-weighted","natural-weighted","1","3","COMP-30D489A8","9","9","1","5","5","../qa/?familyId=natural-weighted&configuration=natural-weighted&seed=1&generatorRevision=3"
"natural-weighted","natural-weighted","2","3","COMP-4C32D646","6","6","1","5","5","../qa/?familyId=natural-weighted&configuration=natural-weighted&seed=2&generatorRevision=3"
"natural-weighted","natural-weighted","129","3","COMP-30D489A8","9","9","0","5","5","../qa/?familyId=natural-weighted&configuration=natural-weighted&seed=129&generatorRevision=3"
"natural-weighted","natural-weighted","2147483646","3","COMP-DCB35EE2","8","8","3","6","6","../qa/?familyId=natural-weighted&configuration=natural-weighted&seed=2147483646&generatorRevision=3"
"natural-weighted","natural-weighted","2147483647","3","COMP-94B296EF","8","8","2","6","6","../qa/?familyId=natural-weighted&configuration=natural-weighted&seed=2147483647&generatorRevision=3"
"natural-fractionWeighted","natural-fractionWeighted","1","3","COMP-B23A1596","27/4","6.75","3","17/4","4.25","../qa/?familyId=natural-fractionWeighted&configuration=natural-fractionWeighted&seed=1&generatorRevision=3"
"natural-fractionWeighted","natural-fractionWeighted","2","3","COMP-FCC36ACF","20/3","6.666666666666667","1","16/3","5.333333333333333","../qa/?familyId=natural-fractionWeighted&configuration=natural-fractionWeighted&seed=2&generatorRevision=3"
"natural-fractionWeighted","natural-fractionWeighted","129","3","COMP-55FF29D8","21/4","5.25","1","15/4","3.75","../qa/?familyId=natural-fractionWeighted&configuration=natural-fractionWeighted&seed=129&generatorRevision=3"
"natural-fractionWeighted","natural-fractionWeighted","2147483646","3","COMP-63818EAA","6","6","3","5","5","../qa/?familyId=natural-fractionWeighted&configuration=natural-fractionWeighted&seed=2147483646&generatorRevision=3"
"natural-fractionWeighted","natural-fractionWeighted","2147483647","3","COMP-E68D5CB3","8","8","2","6","6","../qa/?familyId=natural-fractionWeighted&configuration=natural-fractionWeighted&seed=2147483647&generatorRevision=3"
"natural-catch","natural-catch","1","3","COMP-960705B6","6","6","3","6","6","../qa/?familyId=natural-catch&configuration=natural-catch&seed=1&generatorRevision=3"
"natural-catch","natural-catch","2","3","COMP-0299D25D","4","4","0","4","4","../qa/?familyId=natural-catch&configuration=natural-catch&seed=2&generatorRevision=3"
"natural-catch","natural-catch","129","3","COMP-8C3CB677","8","8","0","8","8","../qa/?familyId=natural-catch&configuration=natural-catch&seed=129&generatorRevision=3"
"natural-catch","natural-catch","2147483646","3","COMP-0299D25D","4","4","4","4","4","../qa/?familyId=natural-catch&configuration=natural-catch&seed=2147483646&generatorRevision=3"
"natural-catch","natural-catch","2147483647","3","COMP-960705B6","6","6","3","6","6","../qa/?familyId=natural-catch&configuration=natural-catch&seed=2147483647&generatorRevision=3"
"natural-tiles","natural-tiles","1","3","COMP-14B2E628","10","10","1","10","10","../qa/?familyId=natural-tiles&configuration=natural-tiles&seed=1&generatorRevision=3"
"natural-tiles","natural-tiles","2","3","COMP-65A4DD2D","1","1","1","1","1","../qa/?familyId=natural-tiles&configuration=natural-tiles&seed=2&generatorRevision=3"
"natural-tiles","natural-tiles","129","3","COMP-2C430864","20","20","0","20","20","../qa/?familyId=natural-tiles&configuration=natural-tiles&seed=129&generatorRevision=3"
"natural-tiles","natural-tiles","2147483646","3","COMP-AF413BDA","15","15","3","15","15","../qa/?familyId=natural-tiles&configuration=natural-tiles&seed=2147483646&generatorRevision=3"
"natural-tiles","natural-tiles","2147483647","3","COMP-14B2E628","10","10","2","10","10","../qa/?familyId=natural-tiles&configuration=natural-tiles&seed=2147483647&generatorRevision=3"
"natural-pairChance","natural-pairChance","1","3","COMP-84783FDD","1/5","0.2","1","1/4","0.25","../qa/?familyId=natural-pairChance&configuration=natural-pairChance&seed=1&generatorRevision=3"
"natural-pairChance","natural-pairChance","2","3","COMP-17E57336","3/10","0.3","0","9/25","0.36","../qa/?familyId=natural-pairChance&configuration=natural-pairChance&seed=2&generatorRevision=3"
"natural-pairChance","natural-pairChance","129","3","COMP-A19D7208","1/7","0.14285714285714285","2","9/49","0.1836734693877551","../qa/?familyId=natural-pairChance&configuration=natural-pairChance&seed=129&generatorRevision=3"
"natural-pairChance","natural-pairChance","2147483646","3","COMP-17E57336","3/10","0.3","2","9/25","0.36","../qa/?familyId=natural-pairChance&configuration=natural-pairChance&seed=2147483646&generatorRevision=3"
"natural-pairChance","natural-pairChance","2147483647","3","COMP-84783FDD","1/5","0.2","1","1/4","0.25","../qa/?familyId=natural-pairChance&configuration=natural-pairChance&seed=2147483647&generatorRevision=3"
"natural-unionChance","natural-unionChance","1","3","COMP-2F11A408","9/14","0.6428571428571429","3","2/9","0.2222222222222222","../qa/?familyId=natural-unionChance&configuration=natural-unionChance&seed=1&generatorRevision=3"
"natural-unionChance","natural-unionChance","2","3","COMP-0E2DC39F","7/11","0.6363636363636364","1","3/7","0.42857142857142855","../qa/?familyId=natural-unionChance&configuration=natural-unionChance&seed=2&generatorRevision=3"
"natural-unionChance","natural-unionChance","129","3","COMP-77B78ECE","10/13","0.7692307692307693","1","1/5","0.2","../qa/?familyId=natural-unionChance&configuration=natural-unionChance&seed=129&generatorRevision=3"
"natural-unionChance","natural-unionChance","2147483646","3","COMP-5675797A","7/10","0.7","0","3/7","0.42857142857142855","../qa/?familyId=natural-unionChance&configuration=natural-unionChance&seed=2147483646&generatorRevision=3"
"natural-unionChance","natural-unionChance","2147483647","3","COMP-51235A0D","7/11","0.6363636363636364","4","4/7","0.5714285714285714","../qa/?familyId=natural-unionChance&configuration=natural-unionChance&seed=2147483647&generatorRevision=3"
"natural-complementChance","natural-complementChance","1","3","COMP-4E7EB9D8","5/14","0.35714285714285715","3","2/9","0.2222222222222222","../qa/?familyId=natural-complementChance&configuration=natural-complementChance&seed=1&generatorRevision=3"
"natural-complementChance","natural-complementChance","2","3","COMP-59D90D06","4/11","0.36363636363636365","1","3/7","0.42857142857142855","../qa/?familyId=natural-complementChance&configuration=natural-complementChance&seed=2&generatorRevision=3"
"natural-complementChance","natural-complementChance","129","3","COMP-9D5F7728","3/13","0.23076923076923078","1","1/5","0.2","../qa/?familyId=natural-complementChance&configuration=natural-complementChance&seed=129&generatorRevision=3"
"natural-complementChance","natural-complementChance","2147483646","3","COMP-8986D442","3/10","0.3","0","3/7","0.42857142857142855","../qa/?familyId=natural-complementChance&configuration=natural-complementChance&seed=2147483646&generatorRevision=3"
"natural-complementChance","natural-complementChance","2147483647","3","COMP-B1AD90B0","4/11","0.36363636363636365","4","4/7","0.5714285714285714","../qa/?familyId=natural-complementChance&configuration=natural-complementChance&seed=2147483647&generatorRevision=3"
"natural-offers","natural-offers","1","3","COMP-86E3F8AD","7","7","0","2","2","../qa/?familyId=natural-offers&configuration=natural-offers&seed=1&generatorRevision=3"
"natural-offers","natural-offers","2","3","COMP-E87D4D01","18","18","4","3","3","../qa/?familyId=natural-offers&configuration=natural-offers&seed=2&generatorRevision=3"
"natural-offers","natural-offers","129","3","COMP-67552773","32","32","0","2","2","../qa/?familyId=natural-offers&configuration=natural-offers&seed=129&generatorRevision=3"
"natural-offers","natural-offers","2147483646","3","COMP-954145A9","19","19","2","2","2","../qa/?familyId=natural-offers&configuration=natural-offers&seed=2147483646&generatorRevision=3"
"natural-offers","natural-offers","2147483647","3","COMP-A18EC1D8","10","10","0","1","1","../qa/?familyId=natural-offers&configuration=natural-offers&seed=2147483647&generatorRevision=3"
"natural-angleRatio","natural-angleRatio","1","3","COMP-045F44A7","90","90","1","40","40","../qa/?familyId=natural-angleRatio&configuration=natural-angleRatio&seed=1&generatorRevision=3"
"natural-angleRatio","natural-angleRatio","2","3","COMP-16DA8652","80","80","4","720/13","55.38461538461539","../qa/?familyId=natural-angleRatio&configuration=natural-angleRatio&seed=2&generatorRevision=3"
"natural-angleRatio","natural-angleRatio","129","3","COMP-045F44A7","90","90","3","40","40","../qa/?familyId=natural-angleRatio&configuration=natural-angleRatio&seed=129&generatorRevision=3"
"natural-angleRatio","natural-angleRatio","2147483646","3","COMP-16DA8652","80","80","0","720/13","55.38461538461539","../qa/?familyId=natural-angleRatio&configuration=natural-angleRatio&seed=2147483646&generatorRevision=3"
"natural-angleRatio","natural-angleRatio","2147483647","3","COMP-045F44A7","90","90","0","40","40","../qa/?familyId=natural-angleRatio&configuration=natural-angleRatio&seed=2147483647&generatorRevision=3"
"natural-digitCount","natural-digitCount","1","3","COMP-8B79DF58","6","6","3","4","4","../qa/?familyId=natural-digitCount&configuration=natural-digitCount&seed=1&generatorRevision=3"
"natural-digitCount","natural-digitCount","2","3","COMP-74038819","5","5","2","4","4","../qa/?familyId=natural-digitCount&configuration=natural-digitCount&seed=2&generatorRevision=3"
"natural-digitCount","natural-digitCount","129","3","COMP-EC865EFE","5","5","3","4","4","../qa/?familyId=natural-digitCount&configuration=natural-digitCount&seed=129&generatorRevision=3"
"natural-digitCount","natural-digitCount","2147483646","3","COMP-356D2053","4","4","0","2","2","../qa/?familyId=natural-digitCount&configuration=natural-digitCount&seed=2147483646&generatorRevision=3"
"natural-digitCount","natural-digitCount","2147483647","3","COMP-FC805371","4","4","1","2","2","../qa/?familyId=natural-digitCount&configuration=natural-digitCount&seed=2147483647&generatorRevision=3"
"natural-distinctDigitCount","natural-distinctDigitCount","1","3","COMP-F54A89FC","4","4","3","6","6","../qa/?familyId=natural-distinctDigitCount&configuration=natural-distinctDigitCount&seed=1&generatorRevision=3"
"natural-distinctDigitCount","natural-distinctDigitCount","2","3","COMP-C53AB407","4","4","2","5","5","../qa/?familyId=natural-distinctDigitCount&configuration=natural-distinctDigitCount&seed=2&generatorRevision=3"
"natural-distinctDigitCount","natural-distinctDigitCount","129","3","COMP-03EEE7D2","4","4","3","5","5","../qa/?familyId=natural-distinctDigitCount&configuration=natural-distinctDigitCount&seed=129&generatorRevision=3"
"natural-distinctDigitCount","natural-distinctDigitCount","2147483646","3","COMP-295374E1","2","2","0","4","4","../qa/?familyId=natural-distinctDigitCount&configuration=natural-distinctDigitCount&seed=2147483646&generatorRevision=3"
"natural-distinctDigitCount","natural-distinctDigitCount","2147483647","3","COMP-0DA00787","2","2","1","4","4","../qa/?familyId=natural-distinctDigitCount&configuration=natural-distinctDigitCount&seed=2147483647&generatorRevision=3"
"natural-coordinateDistance","natural-coordinateDistance","1","3","COMP-F955DDAA","5","5","0","7","7","../qa/?familyId=natural-coordinateDistance&configuration=natural-coordinateDistance&seed=1&generatorRevision=3"
"natural-coordinateDistance","natural-coordinateDistance","2","3","COMP-DD0B8BC7","15","15","4","21","21","../qa/?familyId=natural-coordinateDistance&configuration=natural-coordinateDistance&seed=2&generatorRevision=3"
"natural-coordinateDistance","natural-coordinateDistance","129","3","COMP-A606DBC1","15","15","0","21","21","../qa/?familyId=natural-coordinateDistance&configuration=natural-coordinateDistance&seed=129&generatorRevision=3"
"natural-coordinateDistance","natural-coordinateDistance","2147483646","3","COMP-E968A659","10","10","2","14","14","../qa/?familyId=natural-coordinateDistance&configuration=natural-coordinateDistance&seed=2147483646&generatorRevision=3"
"natural-coordinateDistance","natural-coordinateDistance","2147483647","3","COMP-F955DDAA","5","5","0","7","7","../qa/?familyId=natural-coordinateDistance&configuration=natural-coordinateDistance&seed=2147483647&generatorRevision=3"
"routeProbability","routeProbability","1","3","COMP-7BA9FB3D","2/5","0.4","3","1/2","0.5","../qa/?familyId=routeProbability&configuration=routeProbability&seed=1&generatorRevision=3"
"routeProbability","routeProbability","2","3","COMP-30CC93E9","7/15","0.4666666666666667","1","1/3","0.3333333333333333","../qa/?familyId=routeProbability&configuration=routeProbability&seed=2&generatorRevision=3"
"routeProbability","routeProbability","129","3","COMP-90165627","3/7","0.42857142857142855","1","4/7","0.5714285714285714","../qa/?familyId=routeProbability&configuration=routeProbability&seed=129&generatorRevision=3"
"routeProbability","routeProbability","2147483646","3","COMP-8D897D9A","2/5","0.4","0","1/3","0.3333333333333333","../qa/?familyId=routeProbability&configuration=routeProbability&seed=2147483646&generatorRevision=3"
"routeProbability","routeProbability","2147483647","3","COMP-1A4F3214","41/56","0.7321428571428571","4","3/8","0.375","../qa/?familyId=routeProbability&configuration=routeProbability&seed=2147483647&generatorRevision=3"
"cubeProbability","cubeProbability","1","3","COMP-AA342666","3/8","0.375","0","3/7","0.42857142857142855","../qa/?familyId=cubeProbability&configuration=cubeProbability&seed=1&generatorRevision=3"
"cubeProbability","cubeProbability","2","3","COMP-16C6F30D","36/125","0.288","4","18/49","0.3673469387755102","../qa/?familyId=cubeProbability&configuration=cubeProbability&seed=2&generatorRevision=3"
"cubeProbability","cubeProbability","129","3","COMP-AA342666","3/8","0.375","4","3/7","0.42857142857142855","../qa/?familyId=cubeProbability&configuration=cubeProbability&seed=129&generatorRevision=3"
"cubeProbability","cubeProbability","2147483646","3","COMP-64A462E1","28/243","0.11522633744855967","0","42/193","0.21761658031088082","../qa/?familyId=cubeProbability&configuration=cubeProbability&seed=2147483646&generatorRevision=3"
"cubeProbability","cubeProbability","2147483647","3","COMP-F1BED30F","12/125","0.096","1","12/61","0.19672131147540983","../qa/?familyId=cubeProbability&configuration=cubeProbability&seed=2147483647&generatorRevision=3"
"overlapProbability","overlapProbability","1","3","COMP-D23D937A","1/17","0.058823529411764705","4","1/9","0.1111111111111111","../qa/?familyId=overlapProbability&configuration=overlapProbability&seed=1&generatorRevision=3"
"overlapProbability","overlapProbability","2","3","COMP-17D21C92","12/37","0.32432432432432434","0","24/49","0.4897959183673469","../qa/?familyId=overlapProbability&configuration=overlapProbability&seed=2&generatorRevision=3"
"overlapProbability","overlapProbability","129","3","COMP-7451C228","5/31","0.16129032258064516","4","5/18","0.2777777777777778","../qa/?familyId=overlapProbability&configuration=overlapProbability&seed=129&generatorRevision=3"
"overlapProbability","overlapProbability","2147483646","3","COMP-6CF39FC2","2/25","0.08","2","4/27","0.14814814814814814","../qa/?familyId=overlapProbability&configuration=overlapProbability&seed=2147483646&generatorRevision=3"
"overlapProbability","overlapProbability","2147483647","3","COMP-783E885C","15/83","0.18072289156626506","3","15/49","0.30612244897959184","../qa/?familyId=overlapProbability&configuration=overlapProbability&seed=2147483647&generatorRevision=3"
"ratioUnion","ratioUnion","1","3","COMP-D5A16F69","8","8","1","12/17","0.7058823529411765","../qa/?familyId=ratioUnion&configuration=ratioUnion&seed=1&generatorRevision=3"
"ratioUnion","ratioUnion","2","3","COMP-BC69E6FE","23","23","1","5/13","0.38461538461538464","../qa/?familyId=ratioUnion&configuration=ratioUnion&seed=2&generatorRevision=3"
"ratioUnion","ratioUnion","129","3","COMP-C0AF23AF","22","22","0","16/29","0.5517241379310345","../qa/?familyId=ratioUnion&configuration=ratioUnion&seed=129&generatorRevision=3"
"ratioUnion","ratioUnion","2147483646","3","COMP-D1D5099F","30","30","3","18/37","0.4864864864864865","../qa/?familyId=ratioUnion&configuration=ratioUnion&seed=2147483646&generatorRevision=3"
"ratioUnion","ratioUnion","2147483647","3","COMP-1FE28BFE","18","18","2","30/41","0.7317073170731707","../qa/?familyId=ratioUnion&configuration=ratioUnion&seed=2147483647&generatorRevision=3"
"chartAverage","chartAverage","1","3","COMP-7874A589","7/2","3.5","4","48/13","3.6923076923076925","../qa/?familyId=chartAverage&configuration=chartAverage&seed=1&generatorRevision=3"
"chartAverage","chartAverage","2","3","COMP-B29EB76B","21/5","4.2","0","48/11","4.363636363636363","../qa/?familyId=chartAverage&configuration=chartAverage&seed=2&generatorRevision=3"
"chartAverage","chartAverage","129","3","COMP-1CC3E727","5","5","3","36/7","5.142857142857143","../qa/?familyId=chartAverage&configuration=chartAverage&seed=129&generatorRevision=3"
"chartAverage","chartAverage","2147483646","3","COMP-2248C138","40/11","3.6363636363636362","2","23/6","3.8333333333333335","../qa/?familyId=chartAverage&configuration=chartAverage&seed=2147483646&generatorRevision=3"
"chartAverage","chartAverage","2147483647","3","COMP-DF24F29B","14/3","4.666666666666667","3","34/7","4.857142857142857","../qa/?familyId=chartAverage&configuration=chartAverage&seed=2147483647&generatorRevision=3"
"parityPermutations","parityPermutations","1","3","COMP-78FB3602","2880","2880","4","2880","2880","../qa/?familyId=parityPermutations&configuration=parityPermutations&seed=1&generatorRevision=3"
"parityPermutations","parityPermutations","2","3","COMP-9F38FE13","1440","1440","4","144","144","../qa/?familyId=parityPermutations&configuration=parityPermutations&seed=2&generatorRevision=3"
"parityPermutations","parityPermutations","129","3","COMP-5DA0467E","12","12","1","12","12","../qa/?familyId=parityPermutations&configuration=parityPermutations&seed=129&generatorRevision=3"
"parityPermutations","parityPermutations","2147483646","3","COMP-9F38FE13","1440","1440","3","144","144","../qa/?familyId=parityPermutations&configuration=parityPermutations&seed=2147483646&generatorRevision=3"
"parityPermutations","parityPermutations","2147483647","3","COMP-5DA0467E","12","12","0","12","12","../qa/?familyId=parityPermutations&configuration=parityPermutations&seed=2147483647&generatorRevision=3"
"recurrenceRemainders","recurrenceRemainders","1","3","COMP-BFFFF649","69","69","4","69","69","../qa/?familyId=recurrenceRemainders&configuration=recurrenceRemainders&seed=1&generatorRevision=3"
"recurrenceRemainders","recurrenceRemainders","2","3","COMP-8497CBC3","35","35","4","34","34","../qa/?familyId=recurrenceRemainders&configuration=recurrenceRemainders&seed=2&generatorRevision=3"
"recurrenceRemainders","recurrenceRemainders","129","3","COMP-F521A45A","42","42","1","42","42","../qa/?familyId=recurrenceRemainders&configuration=recurrenceRemainders&seed=129&generatorRevision=3"
"recurrenceRemainders","recurrenceRemainders","2147483646","3","COMP-CDDBC015","101","101","3","103","103","../qa/?familyId=recurrenceRemainders&configuration=recurrenceRemainders&seed=2147483646&generatorRevision=3"
"recurrenceRemainders","recurrenceRemainders","2147483647","3","COMP-61A5541F","31","31","0","32","32","../qa/?familyId=recurrenceRemainders&configuration=recurrenceRemainders&seed=2147483647&generatorRevision=3"
"digitInsert","digitInsert","1","3","COMP-BB6E9C1B","432","432","3","324","324","../qa/?familyId=digitInsert&configuration=digitInsert&seed=1&generatorRevision=3"
"digitInsert","digitInsert","2","3","COMP-2727DF98","541","541","0","415","415","../qa/?familyId=digitInsert&configuration=digitInsert&seed=2&generatorRevision=3"
"digitInsert","digitInsert","129","3","COMP-BB6E9C1B","432","432","0","324","324","../qa/?familyId=digitInsert&configuration=digitInsert&seed=129&generatorRevision=3"
"digitInsert","digitInsert","2147483646","3","COMP-7C287714","765","765","4","657","657","../qa/?familyId=digitInsert&configuration=digitInsert&seed=2147483646&generatorRevision=3"
"digitInsert","digitInsert","2147483647","3","COMP-1624565D","542","542","3","425","425","../qa/?familyId=digitInsert&configuration=digitInsert&seed=2147483647&generatorRevision=3"
"numberAppend","numberAppend","1","3","COMP-F73507B7","49","49","3","900","900","../qa/?familyId=numberAppend&configuration=numberAppend&seed=1&generatorRevision=3"
"numberAppend","numberAppend","2","3","COMP-1A7D7161","86","86","0","100","100","../qa/?familyId=numberAppend&configuration=numberAppend&seed=2&generatorRevision=3"
"numberAppend","numberAppend","129","3","COMP-641EF50A","33","33","0","500","500","../qa/?familyId=numberAppend&configuration=numberAppend&seed=129&generatorRevision=3"
"numberAppend","numberAppend","2147483646","3","COMP-A074DA02","50","50","4","400","400","../qa/?familyId=numberAppend&configuration=numberAppend&seed=2147483646&generatorRevision=3"
"numberAppend","numberAppend","2147483647","3","COMP-1AD32D42","59","59","3","100","100","../qa/?familyId=numberAppend&configuration=numberAppend&seed=2147483647&generatorRevision=3"
"pairedSum","pairedSum","1","3","COMP-3F7E4F7B","55","55","4","30","30","../qa/?familyId=pairedSum&configuration=pairedSum&seed=1&generatorRevision=3"
"pairedSum","pairedSum","2","3","COMP-67FC688D","78","78","4","42","42","../qa/?familyId=pairedSum&configuration=pairedSum&seed=2&generatorRevision=3"
"pairedSum","pairedSum","129","3","COMP-4652B236","351","351","1","182","182","../qa/?familyId=pairedSum&configuration=pairedSum&seed=129&generatorRevision=3"
"pairedSum","pairedSum","2147483646","3","COMP-DD61F4BF","666","666","3","342","342","../qa/?familyId=pairedSum&configuration=pairedSum&seed=2147483646&generatorRevision=3"
"pairedSum","pairedSum","2147483647","3","COMP-BA7D06FD","741","741","0","380","380","../qa/?familyId=pairedSum&configuration=pairedSum&seed=2147483647&generatorRevision=3"
"telescopingDifferences","telescopingDifferences","1","3","COMP-C1682453","40","40","1","32","32","../qa/?familyId=telescopingDifferences&configuration=telescopingDifferences&seed=1&generatorRevision=3"
"telescopingDifferences","telescopingDifferences","2","3","COMP-93E3E60F","40","40","4","36","36","../qa/?familyId=telescopingDifferences&configuration=telescopingDifferences&seed=2&generatorRevision=3"
"telescopingDifferences","telescopingDifferences","129","3","COMP-C36FA95A","18","18","3","16","16","../qa/?familyId=telescopingDifferences&configuration=telescopingDifferences&seed=129&generatorRevision=3"
"telescopingDifferences","telescopingDifferences","2147483646","3","COMP-93E3E60F","40","40","0","36","36","../qa/?familyId=telescopingDifferences&configuration=telescopingDifferences&seed=2147483646&generatorRevision=3"
"telescopingDifferences","telescopingDifferences","2147483647","3","COMP-6D5F419A","44","44","0","40","40","../qa/?familyId=telescopingDifferences&configuration=telescopingDifferences&seed=2147483647&generatorRevision=3"
"neighborProducts","neighborProducts","1","3","COMP-D66D79A1","1","1","4","4","4","../qa/?familyId=neighborProducts&configuration=neighborProducts&seed=1&generatorRevision=3"
"neighborProducts","neighborProducts","2","3","COMP-924B3C2A","1","1","4","4","4","../qa/?familyId=neighborProducts&configuration=neighborProducts&seed=2&generatorRevision=3"
"neighborProducts","neighborProducts","129","3","COMP-ABE1E6DD","1","1","1","4","4","../qa/?familyId=neighborProducts&configuration=neighborProducts&seed=129&generatorRevision=3"
"neighborProducts","neighborProducts","2147483646","3","COMP-4CBB78A5","1","1","3","4","4","../qa/?familyId=neighborProducts&configuration=neighborProducts&seed=2147483646&generatorRevision=3"
"neighborProducts","neighborProducts","2147483647","3","COMP-3EF5B2A0","1","1","0","4","4","../qa/?familyId=neighborProducts&configuration=neighborProducts&seed=2147483647&generatorRevision=3"
"fractionDifferentWholes","fractionDifferentWholes","1","3","COMP-D8747F62","16","16","3","44","44","../qa/?familyId=fractionDifferentWholes&configuration=fractionDifferentWholes&seed=1&generatorRevision=3"
"fractionDifferentWholes","fractionDifferentWholes","2","3","COMP-9EF3A0D9","18","18","0","45","45","../qa/?familyId=fractionDifferentWholes&configuration=fractionDifferentWholes&seed=2&generatorRevision=3"
"fractionDifferentWholes","fractionDifferentWholes","129","3","COMP-D19E89A7","20","20","0","52","52","../qa/?familyId=fractionDifferentWholes&configuration=fractionDifferentWholes&seed=129&generatorRevision=3"
"fractionDifferentWholes","fractionDifferentWholes","2147483646","3","COMP-9EF3A0D9","18","18","4","45","45","../qa/?familyId=fractionDifferentWholes&configuration=fractionDifferentWholes&seed=2147483646&generatorRevision=3"
"fractionDifferentWholes","fractionDifferentWholes","2147483647","3","COMP-B8CEB4F0","16","16","3","38","38","../qa/?familyId=fractionDifferentWholes&configuration=fractionDifferentWholes&seed=2147483647&generatorRevision=3"
"fractionSharedRemainder","fractionSharedRemainder","1","3","COMP-927E83C0","48","48","3","54","54","../qa/?familyId=fractionSharedRemainder&configuration=fractionSharedRemainder&seed=1&generatorRevision=3"
"fractionSharedRemainder","fractionSharedRemainder","2","3","COMP-588A3EAE","72","72","0","29","29","../qa/?familyId=fractionSharedRemainder&configuration=fractionSharedRemainder&seed=2&generatorRevision=3"
"fractionSharedRemainder","fractionSharedRemainder","129","3","COMP-6D6116A8","48","48","0","22","22","../qa/?familyId=fractionSharedRemainder&configuration=fractionSharedRemainder&seed=129&generatorRevision=3"
"fractionSharedRemainder","fractionSharedRemainder","2147483646","3","COMP-134E4E19","168","168","4","89","89","../qa/?familyId=fractionSharedRemainder&configuration=fractionSharedRemainder&seed=2147483646&generatorRevision=3"
"fractionSharedRemainder","fractionSharedRemainder","2147483647","3","COMP-7B36D2CC","192","192","3","72","72","../qa/?familyId=fractionSharedRemainder&configuration=fractionSharedRemainder&seed=2147483647&generatorRevision=3"
"discountOrder","discountOrder","1","3","COMP-112F9BBC","870","870","1","872","872","../qa/?familyId=discountOrder&configuration=discountOrder&seed=1&generatorRevision=3"
"discountOrder","discountOrder","2","3","COMP-6705D742","850","850","4","855","855","../qa/?familyId=discountOrder&configuration=discountOrder&seed=2&generatorRevision=3"
"discountOrder","discountOrder","129","3","COMP-5CC0B1CA","475","475","3","487.5","487.5","../qa/?familyId=discountOrder&configuration=discountOrder&seed=129&generatorRevision=3"
"discountOrder","discountOrder","2147483646","3","COMP-49E6A2ED","880","880","0","882","882","../qa/?familyId=discountOrder&configuration=discountOrder&seed=2147483646&generatorRevision=3"
"discountOrder","discountOrder","2147483647","3","COMP-A8E2F4BF","550","550","0","552","552","../qa/?familyId=discountOrder&configuration=discountOrder&seed=2147483647&generatorRevision=3"
"percentRestore","percentRestore","1","3","COMP-C0997F14","100/3","33.33333333333333","0","100","100","../qa/?familyId=percentRestore&configuration=percentRestore&seed=1&generatorRevision=3"
"percentRestore","percentRestore","2","3","COMP-760FCE30","100/11","9.090909090909092","4","100/9","11.11111111111111","../qa/?familyId=percentRestore&configuration=percentRestore&seed=2&generatorRevision=3"
"percentRestore","percentRestore","129","3","COMP-C0997F14","100/3","33.33333333333333","4","100","100","../qa/?familyId=percentRestore&configuration=percentRestore&seed=129&generatorRevision=3"
"percentRestore","percentRestore","2147483646","3","COMP-760FCE30","100/11","9.090909090909092","0","100/9","11.11111111111111","../qa/?familyId=percentRestore&configuration=percentRestore&seed=2147483646&generatorRevision=3"
"percentRestore","percentRestore","2147483647","3","COMP-C0997F14","100/3","33.33333333333333","1","100","100","../qa/?familyId=percentRestore&configuration=percentRestore&seed=2147483647&generatorRevision=3"
"squareBounds","squareBounds","1","3","COMP-1E7C3350","12","12","3","13","13","../qa/?familyId=squareBounds&configuration=squareBounds&seed=1&generatorRevision=3"
"squareBounds","squareBounds","2","3","COMP-28D37E4D","6","6","0","7","7","../qa/?familyId=squareBounds&configuration=squareBounds&seed=2&generatorRevision=3"
"squareBounds","squareBounds","129","3","COMP-6B99340F","3","3","0","4","4","../qa/?familyId=squareBounds&configuration=squareBounds&seed=129&generatorRevision=3"
"squareBounds","squareBounds","2147483646","3","COMP-28D37E4D","6","6","4","7","7","../qa/?familyId=squareBounds&configuration=squareBounds&seed=2147483646&generatorRevision=3"
"squareBounds","squareBounds","2147483647","3","COMP-B6FDCDE3","3","3","3","4","4","../qa/?familyId=squareBounds&configuration=squareBounds&seed=2147483647&generatorRevision=3"
"signedProduct","signedProduct","1","3","COMP-D9C4B413","-320","-320","0","-80","-80","../qa/?familyId=signedProduct&configuration=signedProduct&seed=1&generatorRevision=3"
"signedProduct","signedProduct","2","3","COMP-D9C4B413","-320","-320","4","-80","-80","../qa/?familyId=signedProduct&configuration=signedProduct&seed=2&generatorRevision=3"
"signedProduct","signedProduct","129","3","COMP-4A4E8CAA","-5000","-5000","4","-500","-500","../qa/?familyId=signedProduct&configuration=signedProduct&seed=129&generatorRevision=3"
"signedProduct","signedProduct","2147483646","3","COMP-6B7CBF7D","-20480","-20480","0","-1280","-1280","../qa/?familyId=signedProduct&configuration=signedProduct&seed=2147483646&generatorRevision=3"
"signedProduct","signedProduct","2147483647","3","COMP-4A4E8CAA","-5000","-5000","1","-500","-500","../qa/?familyId=signedProduct&configuration=signedProduct&seed=2147483647&generatorRevision=3"
"ratioTotal","ratioTotal","1","3","COMP-2254D046","24","24","1","22","22","../qa/?familyId=ratioTotal&configuration=ratioTotal&seed=1&generatorRevision=3"
"ratioTotal","ratioTotal","2","3","COMP-45E9EC19","15","15","4","12","12","../qa/?familyId=ratioTotal&configuration=ratioTotal&seed=2&generatorRevision=3"
"ratioTotal","ratioTotal","129","3","COMP-BE72CB5F","16","16","3","14","14","../qa/?familyId=ratioTotal&configuration=ratioTotal&seed=129&generatorRevision=3"
"ratioTotal","ratioTotal","2147483646","3","COMP-641433F6","39","39","0","36","36","../qa/?familyId=ratioTotal&configuration=ratioTotal&seed=2147483646&generatorRevision=3"
"ratioTotal","ratioTotal","2147483647","3","COMP-F0EF71EF","24","24","0","20","20","../qa/?familyId=ratioTotal&configuration=ratioTotal&seed=2147483647&generatorRevision=3"
"linkedRatios","linkedRatios","1","3","COMP-E7315819","135","135","0","15","15","../qa/?familyId=linkedRatios&configuration=linkedRatios&seed=1&generatorRevision=3"
"linkedRatios","linkedRatios","2","3","COMP-6583F030","160","160","4","16","16","../qa/?familyId=linkedRatios&configuration=linkedRatios&seed=2&generatorRevision=3"
"linkedRatios","linkedRatios","129","3","COMP-C733F79D","63","63","0","9","9","../qa/?familyId=linkedRatios&configuration=linkedRatios&seed=129&generatorRevision=3"
"linkedRatios","linkedRatios","2147483646","3","COMP-DCE89946","108","108","2","24","24","../qa/?familyId=linkedRatios&configuration=linkedRatios&seed=2147483646&generatorRevision=3"
"linkedRatios","linkedRatios","2147483647","3","COMP-802E457A","300","300","0","50","50","../qa/?familyId=linkedRatios&configuration=linkedRatios&seed=2147483647&generatorRevision=3"
"unitConversion","unitConversion","1","3","COMP-DB5B39F7","24","24","3","12","12","../qa/?familyId=unitConversion&configuration=unitConversion&seed=1&generatorRevision=3"
"unitConversion","unitConversion","2","3","COMP-DEEAC8F3","40","40","0","20","20","../qa/?familyId=unitConversion&configuration=unitConversion&seed=2&generatorRevision=3"
"unitConversion","unitConversion","129","3","COMP-14ECB39E","12","12","0","6","6","../qa/?familyId=unitConversion&configuration=unitConversion&seed=129&generatorRevision=3"
"unitConversion","unitConversion","2147483646","3","COMP-86032C97","80","80","4","40","40","../qa/?familyId=unitConversion&configuration=unitConversion&seed=2147483646&generatorRevision=3"
"unitConversion","unitConversion","2147483647","3","COMP-5360E6AD","72","72","3","36","36","../qa/?familyId=unitConversion&configuration=unitConversion&seed=2147483647&generatorRevision=3"
"mixedPacks","mixedPacks","1","3","COMP-FE5D420A","24","24","1","24","24","../qa/?familyId=mixedPacks&configuration=mixedPacks&seed=1&generatorRevision=3"
"mixedPacks","mixedPacks","2","3","COMP-5C02165C","24","24","1","18","18","../qa/?familyId=mixedPacks&configuration=mixedPacks&seed=2&generatorRevision=3"
"mixedPacks","mixedPacks","129","3","COMP-DF3C2AFD","58","58","0","58","58","../qa/?familyId=mixedPacks&configuration=mixedPacks&seed=129&generatorRevision=3"
"mixedPacks","mixedPacks","2147483646","3","COMP-3A9F5DCE","32","32","3","28","28","../qa/?familyId=mixedPacks&configuration=mixedPacks&seed=2147483646&generatorRevision=3"
"mixedPacks","mixedPacks","2147483647","3","COMP-FE5D420A","24","24","0","24","24","../qa/?familyId=mixedPacks&configuration=mixedPacks&seed=2147483647&generatorRevision=3"
"jointWork","jointWork","1","3","COMP-B60E770F","8","8","1","14","14","../qa/?familyId=jointWork&configuration=jointWork&seed=1&generatorRevision=3"
"jointWork","jointWork","2","3","COMP-A0A187EA","5","5","4","9","9","../qa/?familyId=jointWork&configuration=jointWork&seed=2&generatorRevision=3"
"jointWork","jointWork","129","3","COMP-B60E770F","8","8","3","14","14","../qa/?familyId=jointWork&configuration=jointWork&seed=129&generatorRevision=3"
"jointWork","jointWork","2147483646","3","COMP-A126282C","9","9","0","99/7","14.142857142857142","../qa/?familyId=jointWork&configuration=jointWork&seed=2147483646&generatorRevision=3"
"jointWork","jointWork","2147483647","3","COMP-3CF72BF4","6","6","0","12","12","../qa/?familyId=jointWork&configuration=jointWork&seed=2147483647&generatorRevision=3"
"riverTravel","riverTravel","1","3","COMP-FFCA4854","60","60","3","252/5","50.4","../qa/?familyId=riverTravel&configuration=riverTravel&seed=1&generatorRevision=3"
"riverTravel","riverTravel","2","3","COMP-7CA63389","56","56","0","42","42","../qa/?familyId=riverTravel&configuration=riverTravel&seed=2&generatorRevision=3"
"riverTravel","riverTravel","129","3","COMP-3117E1DE","44","44","0","340/11","30.90909090909091","../qa/?familyId=riverTravel&configuration=riverTravel&seed=129&generatorRevision=3"
"riverTravel","riverTravel","2147483646","3","COMP-7CA63389","56","56","4","42","42","../qa/?familyId=riverTravel&configuration=riverTravel&seed=2147483646&generatorRevision=3"
"riverTravel","riverTravel","2147483647","3","COMP-42F6148B","44","44","3","468/11","42.54545454545455","../qa/?familyId=riverTravel&configuration=riverTravel&seed=2147483647&generatorRevision=3"
"mapScale","mapScale","1","3","COMP-409FB454","12","12","3","6","6","../qa/?familyId=mapScale&configuration=mapScale&seed=1&generatorRevision=3"
"mapScale","mapScale","2","3","COMP-27F42992","36","36","0","18","18","../qa/?familyId=mapScale&configuration=mapScale&seed=2&generatorRevision=3"
"mapScale","mapScale","129","3","COMP-59803AD8","24","24","0","12","12","../qa/?familyId=mapScale&configuration=mapScale&seed=129&generatorRevision=3"
"mapScale","mapScale","2147483646","3","COMP-4A3C6F24","54","54","4","27","27","../qa/?familyId=mapScale&configuration=mapScale&seed=2147483646&generatorRevision=3"
"mapScale","mapScale","2147483647","3","COMP-E0B734E2","40","40","3","20","20","../qa/?familyId=mapScale&configuration=mapScale&seed=2147483647&generatorRevision=3"
"scaleAreaReverse","scaleAreaReverse","1","3","COMP-2A4BA95B","27","27","1","972","972","../qa/?familyId=scaleAreaReverse&configuration=scaleAreaReverse&seed=1&generatorRevision=3"
"scaleAreaReverse","scaleAreaReverse","2","3","COMP-E7C89B87","96","96","4","2400","2400","../qa/?familyId=scaleAreaReverse&configuration=scaleAreaReverse&seed=2&generatorRevision=3"
"scaleAreaReverse","scaleAreaReverse","129","3","COMP-D1BD576F","45","45","3","180","180","../qa/?familyId=scaleAreaReverse&configuration=scaleAreaReverse&seed=129&generatorRevision=3"
"scaleAreaReverse","scaleAreaReverse","2147483646","3","COMP-72C63C35","128","128","0","3200","3200","../qa/?familyId=scaleAreaReverse&configuration=scaleAreaReverse&seed=2147483646&generatorRevision=3"
"scaleAreaReverse","scaleAreaReverse","2147483647","3","COMP-0EC4F445","225","225.00000000000003","0","900","900.0000000000001","../qa/?familyId=scaleAreaReverse&configuration=scaleAreaReverse&seed=2147483647&generatorRevision=3"
"ageDifference","ageDifference","1","3","COMP-F23A674C","7","7","3","3","3","../qa/?familyId=ageDifference&configuration=ageDifference&seed=1&generatorRevision=3"
"ageDifference","ageDifference","2","3","COMP-2F5A9037","8","8","0","2","2","../qa/?familyId=ageDifference&configuration=ageDifference&seed=2&generatorRevision=3"
"ageDifference","ageDifference","129","3","COMP-F23A674C","7","7","0","3","3","../qa/?familyId=ageDifference&configuration=ageDifference&seed=129&generatorRevision=3"
"ageDifference","ageDifference","2147483646","3","COMP-2F5A9037","8","8","4","2","2","../qa/?familyId=ageDifference&configuration=ageDifference&seed=2147483646&generatorRevision=3"
"ageDifference","ageDifference","2147483647","3","COMP-C97EDB55","20","20","3","4","4","../qa/?familyId=ageDifference&configuration=ageDifference&seed=2147483647&generatorRevision=3"
"repeatedMachine","repeatedMachine","1","3","COMP-93D38916","12","12","1","180","180","../qa/?familyId=repeatedMachine&configuration=repeatedMachine&seed=1&generatorRevision=3"
"repeatedMachine","repeatedMachine","2","3","COMP-540E376B","6","6","4","156","156","../qa/?familyId=repeatedMachine&configuration=repeatedMachine&seed=2&generatorRevision=3"
"repeatedMachine","repeatedMachine","129","3","COMP-2E2FD4AA","3","3","3","99","99","../qa/?familyId=repeatedMachine&configuration=repeatedMachine&seed=129&generatorRevision=3"
"repeatedMachine","repeatedMachine","2147483646","3","COMP-0630C797","6","6","0","236","236","../qa/?familyId=repeatedMachine&configuration=repeatedMachine&seed=2147483646&generatorRevision=3"
"repeatedMachine","repeatedMachine","2147483647","3","COMP-7D968AA6","3","3","0","195","195","../qa/?familyId=repeatedMachine&configuration=repeatedMachine&seed=2147483647&generatorRevision=3"
"twoCoins","twoCoins","1","3","COMP-BD303EEE","4","4","3","16","16","../qa/?familyId=twoCoins&configuration=twoCoins&seed=1&generatorRevision=3"
"twoCoins","twoCoins","2","3","COMP-B903ECEE","3","3","0","9","9","../qa/?familyId=twoCoins&configuration=twoCoins&seed=2&generatorRevision=3"
"twoCoins","twoCoins","129","3","COMP-2988CAA3","1","1","0","4","4","../qa/?familyId=twoCoins&configuration=twoCoins&seed=129&generatorRevision=3"
"twoCoins","twoCoins","2147483646","3","COMP-B903ECEE","3","3","4","9","9","../qa/?familyId=twoCoins&configuration=twoCoins&seed=2147483646&generatorRevision=3"
"twoCoins","twoCoins","2147483647","3","COMP-E7F0130E","2","2","3","5","5","../qa/?familyId=twoCoins&configuration=twoCoins&seed=2147483647&generatorRevision=3"
"stampConstraint","stampConstraint","1","3","COMP-57BDC804","1","1","4","2","2","../qa/?familyId=stampConstraint&configuration=stampConstraint&seed=1&generatorRevision=3"
"stampConstraint","stampConstraint","2","3","COMP-C43B79F3","1","1","4","1","1","../qa/?familyId=stampConstraint&configuration=stampConstraint&seed=2&generatorRevision=3"
"stampConstraint","stampConstraint","129","3","COMP-A44AE5B5","2","2","1","2","2","../qa/?familyId=stampConstraint&configuration=stampConstraint&seed=129&generatorRevision=3"
"stampConstraint","stampConstraint","2147483646","3","COMP-14CB9F40","3","3","3","3","3","../qa/?familyId=stampConstraint&configuration=stampConstraint&seed=2147483646&generatorRevision=3"
"stampConstraint","stampConstraint","2147483647","3","COMP-5E65F66D","3","3","0","4","4","../qa/?familyId=stampConstraint&configuration=stampConstraint&seed=2147483647&generatorRevision=3"
"recurrenceForward","recurrenceForward","1","3","COMP-67A54BBB","22","22","1","18","18","../qa/?familyId=recurrenceForward&configuration=recurrenceForward&seed=1&generatorRevision=3"
"recurrenceForward","recurrenceForward","2","3","COMP-C7DAE90C","34","34","4","30","30","../qa/?familyId=recurrenceForward&configuration=recurrenceForward&seed=2&generatorRevision=3"
"recurrenceForward","recurrenceForward","129","3","COMP-D3DAF984","25","25","3","20","20","../qa/?familyId=recurrenceForward&configuration=recurrenceForward&seed=129&generatorRevision=3"
"recurrenceForward","recurrenceForward","2147483646","3","COMP-0647C4B5","31","31","0","41","41","../qa/?familyId=recurrenceForward&configuration=recurrenceForward&seed=2147483646&generatorRevision=3"
"recurrenceForward","recurrenceForward","2147483647","3","COMP-723D4A20","64","64","0","79","79","../qa/?familyId=recurrenceForward&configuration=recurrenceForward&seed=2147483647&generatorRevision=3"
"recurrenceTotal","recurrenceTotal","1","3","COMP-07D97B4C","171","171","1","166","166","../qa/?familyId=recurrenceTotal&configuration=recurrenceTotal&seed=1&generatorRevision=3"
"recurrenceTotal","recurrenceTotal","2","3","COMP-236DF43F","72","72","4","68","68","../qa/?familyId=recurrenceTotal&configuration=recurrenceTotal&seed=2&generatorRevision=3"
"recurrenceTotal","recurrenceTotal","129","3","COMP-72F1285D","583","583","3","582","582","../qa/?familyId=recurrenceTotal&configuration=recurrenceTotal&seed=129&generatorRevision=3"
"recurrenceTotal","recurrenceTotal","2147483646","3","COMP-0089067D","190","190","0","186","186","../qa/?familyId=recurrenceTotal&configuration=recurrenceTotal&seed=2147483646&generatorRevision=3"
"recurrenceTotal","recurrenceTotal","2147483647","3","COMP-64EE71E8","87","87","0","86","86","../qa/?familyId=recurrenceTotal&configuration=recurrenceTotal&seed=2147483647&generatorRevision=3"
"machineMeeting","machineMeeting","1","3","COMP-C13E3B1F","12","12","1","49/4","12.25","../qa/?familyId=machineMeeting&configuration=machineMeeting&seed=1&generatorRevision=3"
"machineMeeting","machineMeeting","2","3","COMP-BB439028","6","6","1","19/3","6.333333333333333","../qa/?familyId=machineMeeting&configuration=machineMeeting&seed=2&generatorRevision=3"
"machineMeeting","machineMeeting","129","3","COMP-245E8B94","3","3","0","7/2","3.5","../qa/?familyId=machineMeeting&configuration=machineMeeting&seed=129&generatorRevision=3"
"machineMeeting","machineMeeting","2147483646","3","COMP-B8938212","6","6","3","13/2","6.5","../qa/?familyId=machineMeeting&configuration=machineMeeting&seed=2147483646&generatorRevision=3"
"machineMeeting","machineMeeting","2147483647","3","COMP-0706A339","3","3","2","10/3","3.3333333333333335","../qa/?familyId=machineMeeting&configuration=machineMeeting&seed=2147483647&generatorRevision=3"
"machineOrder","machineOrder","1","3","COMP-7C20C20D","32","32","0","32","32","../qa/?familyId=machineOrder&configuration=machineOrder&seed=1&generatorRevision=3"
"machineOrder","machineOrder","2","3","COMP-F228E258","16","16","4","16","16","../qa/?familyId=machineOrder&configuration=machineOrder&seed=2&generatorRevision=3"
"machineOrder","machineOrder","129","3","COMP-19CF71E7","4","4","0","4","4","../qa/?familyId=machineOrder&configuration=machineOrder&seed=129&generatorRevision=3"
"machineOrder","machineOrder","2147483646","3","COMP-ED2DD568","2","2","2","2","2","../qa/?familyId=machineOrder&configuration=machineOrder&seed=2147483646&generatorRevision=3"
"machineOrder","machineOrder","2147483647","3","COMP-29DB442A","17","17","0","17","17","../qa/?familyId=machineOrder&configuration=machineOrder&seed=2147483647&generatorRevision=3"
"digitDivisor","digitDivisor","1","3","COMP-ED564A9D","4","4","4","0","0","../qa/?familyId=digitDivisor&configuration=digitDivisor&seed=1&generatorRevision=3"
"digitDivisor","digitDivisor","2","3","COMP-80C510F6","5","5","4","0","0","../qa/?familyId=digitDivisor&configuration=digitDivisor&seed=2&generatorRevision=3"
"digitDivisor","digitDivisor","129","3","COMP-ED564A9D","4","4","1","0","0","../qa/?familyId=digitDivisor&configuration=digitDivisor&seed=129&generatorRevision=3"
"digitDivisor","digitDivisor","2147483646","3","COMP-35607722","4","4","3","0","0","../qa/?familyId=digitDivisor&configuration=digitDivisor&seed=2147483646&generatorRevision=3"
"digitDivisor","digitDivisor","2147483647","3","COMP-5E1A3B33","5","5","0","0","0","../qa/?familyId=digitDivisor&configuration=digitDivisor&seed=2147483647&generatorRevision=3"
"divisibleEleven","divisibleEleven","1","3","COMP-92EE1CC7","2750","2750","3","2","2","../qa/?familyId=divisibleEleven&configuration=divisibleEleven&seed=1&generatorRevision=3"
"divisibleEleven","divisibleEleven","2","3","COMP-A5F1C58B","3740","3740","0","2","2","../qa/?familyId=divisibleEleven&configuration=divisibleEleven&seed=2&generatorRevision=3"
"divisibleEleven","divisibleEleven","129","3","COMP-5153D232","2860","2860","0","2","2","../qa/?familyId=divisibleEleven&configuration=divisibleEleven&seed=129&generatorRevision=3"
"divisibleEleven","divisibleEleven","2147483646","3","COMP-26F7C0F4","7810","7810","4","2","2","../qa/?familyId=divisibleEleven&configuration=divisibleEleven&seed=2147483646&generatorRevision=3"
"divisibleEleven","divisibleEleven","2147483647","3","COMP-4C087078","8525","8525","3","1","1","../qa/?familyId=divisibleEleven&configuration=divisibleEleven&seed=2147483647&generatorRevision=3"
"threeDivisors","threeDivisors","1","3","COMP-BD34E5D0","3","3","4","25","25","../qa/?familyId=threeDivisors&configuration=threeDivisors&seed=1&generatorRevision=3"
"threeDivisors","threeDivisors","2","3","COMP-5BED762E","3","3","4","25","25","../qa/?familyId=threeDivisors&configuration=threeDivisors&seed=2&generatorRevision=3"
"threeDivisors","threeDivisors","129","3","COMP-5BED762E","3","3","1","25","25","../qa/?familyId=threeDivisors&configuration=threeDivisors&seed=129&generatorRevision=3"
"threeDivisors","threeDivisors","2147483646","3","COMP-46656572","4","4","3","49","49","../qa/?familyId=threeDivisors&configuration=threeDivisors&seed=2147483646&generatorRevision=3"
"threeDivisors","threeDivisors","2147483647","3","COMP-73C2581F","4","4","0","49","49","../qa/?familyId=threeDivisors&configuration=threeDivisors&seed=2147483647&generatorRevision=3"
"divisorPowers","divisorPowers","1","3","COMP-190E8165","28","28","3","8","8","../qa/?familyId=divisorPowers&configuration=divisorPowers&seed=1&generatorRevision=3"
"divisorPowers","divisorPowers","2","3","COMP-9ADA39E9","30","30","0","9","9","../qa/?familyId=divisorPowers&configuration=divisorPowers&seed=2&generatorRevision=3"
"divisorPowers","divisorPowers","129","3","COMP-B42C0CB1","12","12","0","4","4","../qa/?familyId=divisorPowers&configuration=divisorPowers&seed=129&generatorRevision=3"
"divisorPowers","divisorPowers","2147483646","3","COMP-9ADA39E9","30","30","4","9","9","../qa/?familyId=divisorPowers&configuration=divisorPowers&seed=2147483646&generatorRevision=3"
"divisorPowers","divisorPowers","2147483647","3","COMP-D710FA73","18","18","3","6","6","../qa/?familyId=divisorPowers&configuration=divisorPowers&seed=2147483647&generatorRevision=3"
"equalBags","equalBags","1","3","COMP-39B3487A","22","22","1","4","4","../qa/?familyId=equalBags&configuration=equalBags&seed=1&generatorRevision=3"
"equalBags","equalBags","2","3","COMP-6AF9DF6B","10","10","4","4","4","../qa/?familyId=equalBags&configuration=equalBags&seed=2&generatorRevision=3"
"equalBags","equalBags","129","3","COMP-8E76BBF3","14","14","3","4","4","../qa/?familyId=equalBags&configuration=equalBags&seed=129&generatorRevision=3"
"equalBags","equalBags","2147483646","3","COMP-42DFEAAC","20","20","0","6","6","../qa/?familyId=equalBags&configuration=equalBags&seed=2147483646&generatorRevision=3"
"equalBags","equalBags","2147483647","3","COMP-E1EE51AD","7","7","0","2","2","../qa/?familyId=equalBags&configuration=equalBags&seed=2147483647&generatorRevision=3"
"offsetBells","offsetBells","1","3","COMP-AEE3BEED","4","4","1","12","12","../qa/?familyId=offsetBells&configuration=offsetBells&seed=1&generatorRevision=3"
"offsetBells","offsetBells","2","3","COMP-DC387419","20","20","4","55","55","../qa/?familyId=offsetBells&configuration=offsetBells&seed=2&generatorRevision=3"
"offsetBells","offsetBells","129","3","COMP-15AB8FA7","28","28","3","64","64","../qa/?familyId=offsetBells&configuration=offsetBells&seed=129&generatorRevision=3"
"offsetBells","offsetBells","2147483646","3","COMP-11BA91E2","18","18","0","54","54","../qa/?familyId=offsetBells&configuration=offsetBells&seed=2147483646&generatorRevision=3"
"offsetBells","offsetBells","2147483647","3","COMP-D9476C97","10","10","0","20","20","../qa/?familyId=offsetBells&configuration=offsetBells&seed=2147483647&generatorRevision=3"
"cyclicPosition","cyclicPosition","1","3","COMP-19BC84EF","3","3","1","1","1","../qa/?familyId=cyclicPosition&configuration=cyclicPosition&seed=1&generatorRevision=3"
"cyclicPosition","cyclicPosition","2","3","COMP-9B50FF50","6","6","4","2","2","../qa/?familyId=cyclicPosition&configuration=cyclicPosition&seed=2&generatorRevision=3"
"cyclicPosition","cyclicPosition","129","3","COMP-69BB0A24","3","3","3","3","3","../qa/?familyId=cyclicPosition&configuration=cyclicPosition&seed=129&generatorRevision=3"
"cyclicPosition","cyclicPosition","2147483646","3","COMP-B7059151","11","11","0","9","9","../qa/?familyId=cyclicPosition&configuration=cyclicPosition&seed=2147483646&generatorRevision=3"
"cyclicPosition","cyclicPosition","2147483647","3","COMP-B07FEE1C","9","9","0","7","7","../qa/?familyId=cyclicPosition&configuration=cyclicPosition&seed=2147483647&generatorRevision=3"
"repeatedOnes","repeatedOnes","1","3","COMP-C202F836","2","2","4","0","0","../qa/?familyId=repeatedOnes&configuration=repeatedOnes&seed=1&generatorRevision=3"
"repeatedOnes","repeatedOnes","2","3","COMP-14FF1A2A","4","4","4","6","6","../qa/?familyId=repeatedOnes&configuration=repeatedOnes&seed=2&generatorRevision=3"
"repeatedOnes","repeatedOnes","129","3","COMP-8C266F1E","2","2","1","0","0","../qa/?familyId=repeatedOnes&configuration=repeatedOnes&seed=129&generatorRevision=3"
"repeatedOnes","repeatedOnes","2147483646","3","COMP-14FF1A2A","4","4","3","6","6","../qa/?familyId=repeatedOnes&configuration=repeatedOnes&seed=2147483646&generatorRevision=3"
"repeatedOnes","repeatedOnes","2147483647","3","COMP-CF6F56A5","2","2","0","0","0","../qa/?familyId=repeatedOnes&configuration=repeatedOnes&seed=2147483647&generatorRevision=3"
"rectangleDiagonalArea","rectangleDiagonalArea","1","3","COMP-9C0E09B1","66","66","3","99","99","../qa/?familyId=rectangleDiagonalArea&configuration=rectangleDiagonalArea&seed=1&generatorRevision=3"
"rectangleDiagonalArea","rectangleDiagonalArea","2","3","COMP-C6512FF8","104","104","0","156","156","../qa/?familyId=rectangleDiagonalArea&configuration=rectangleDiagonalArea&seed=2&generatorRevision=3"
"rectangleDiagonalArea","rectangleDiagonalArea","129","3","COMP-B9751AF4","154","154","0","231","231","../qa/?familyId=rectangleDiagonalArea&configuration=rectangleDiagonalArea&seed=129&generatorRevision=3"
"rectangleDiagonalArea","rectangleDiagonalArea","2147483646","3","COMP-EEBBC152","88","88","4","132","132","../qa/?familyId=rectangleDiagonalArea&configuration=rectangleDiagonalArea&seed=2147483646&generatorRevision=3"
"rectangleDiagonalArea","rectangleDiagonalArea","2147483647","3","COMP-5DEDD856","40","40","3","60","60","../qa/?familyId=rectangleDiagonalArea&configuration=rectangleDiagonalArea&seed=2147483647&generatorRevision=3"
"boundaryNotch","boundaryNotch","1","3","COMP-434FF1A0","84","84","1","112","112","../qa/?familyId=boundaryNotch&configuration=boundaryNotch&seed=1&generatorRevision=3"
"boundaryNotch","boundaryNotch","2","3","COMP-C4CB293B","80","80","1","100","100","../qa/?familyId=boundaryNotch&configuration=boundaryNotch&seed=2&generatorRevision=3"
"boundaryNotch","boundaryNotch","129","3","COMP-94294E26","58","58","0","72","72","../qa/?familyId=boundaryNotch&configuration=boundaryNotch&seed=129&generatorRevision=3"
"boundaryNotch","boundaryNotch","2147483646","3","COMP-287AF8E9","66","66","3","74","74","../qa/?familyId=boundaryNotch&configuration=boundaryNotch&seed=2147483646&generatorRevision=3"
"boundaryNotch","boundaryNotch","2147483647","3","COMP-68584957","76","76","2","86","86","../qa/?familyId=boundaryNotch&configuration=boundaryNotch&seed=2147483647&generatorRevision=3"
"angleMarks","angleMarks","1","3","COMP-5D7C117F","100","100","3","260","260","../qa/?familyId=angleMarks&configuration=angleMarks&seed=1&generatorRevision=3"
"angleMarks","angleMarks","2","3","COMP-7AFCDA69","96","96","0","264","264","../qa/?familyId=angleMarks&configuration=angleMarks&seed=2&generatorRevision=3"
"angleMarks","angleMarks","129","3","COMP-63B4C693","90","90","0","270","270","../qa/?familyId=angleMarks&configuration=angleMarks&seed=129&generatorRevision=3"
"angleMarks","angleMarks","2147483646","3","COMP-9DE1C82B","48","48","4","312","312","../qa/?familyId=angleMarks&configuration=angleMarks&seed=2147483646&generatorRevision=3"
"angleMarks","angleMarks","2147483647","3","COMP-434A41D1","180","180","3","180","180","../qa/?familyId=angleMarks&configuration=angleMarks&seed=2147483647&generatorRevision=3"
"polygonTurn","polygonTurn","1","3","COMP-CD601F25","60","60","4","180","180","../qa/?familyId=polygonTurn&configuration=polygonTurn&seed=1&generatorRevision=3"
"polygonTurn","polygonTurn","2","3","COMP-BDC28C97","45","45","4","180","180","../qa/?familyId=polygonTurn&configuration=polygonTurn&seed=2&generatorRevision=3"
"polygonTurn","polygonTurn","129","3","COMP-CD601F25","60","60","1","180","180","../qa/?familyId=polygonTurn&configuration=polygonTurn&seed=129&generatorRevision=3"
"polygonTurn","polygonTurn","2147483646","3","COMP-BB3602BF","24","24","3","168","168","../qa/?familyId=polygonTurn&configuration=polygonTurn&seed=2147483646&generatorRevision=3"
"polygonTurn","polygonTurn","2147483647","3","COMP-00D94DFC","20","20","0","180","180","../qa/?familyId=polygonTurn&configuration=polygonTurn&seed=2147483647&generatorRevision=3"
"lShapeArea","lShapeArea","1","3","COMP-57CB3DB1","108","108","1","108","108","../qa/?familyId=lShapeArea&configuration=lShapeArea&seed=1&generatorRevision=3"
"lShapeArea","lShapeArea","2","3","COMP-454A9303","127","127","1","127","127","../qa/?familyId=lShapeArea&configuration=lShapeArea&seed=2&generatorRevision=3"
"lShapeArea","lShapeArea","129","3","COMP-CE609ED0","141","141","0","141","141","../qa/?familyId=lShapeArea&configuration=lShapeArea&seed=129&generatorRevision=3"
"lShapeArea","lShapeArea","2147483646","3","COMP-93C95742","185","185","3","185","185","../qa/?familyId=lShapeArea&configuration=lShapeArea&seed=2147483646&generatorRevision=3"
"lShapeArea","lShapeArea","2147483647","3","COMP-F543EEEB","200","200","2","200","200","../qa/?familyId=lShapeArea&configuration=lShapeArea&seed=2147483647&generatorRevision=3"
"crossArea","crossArea","1","3","COMP-61869D89","197","197","1","117","117","../qa/?familyId=crossArea&configuration=crossArea&seed=1&generatorRevision=3"
"crossArea","crossArea","2","3","COMP-3D1DEDFD","190","190","1","63","63","../qa/?familyId=crossArea&configuration=crossArea&seed=2&generatorRevision=3"
"crossArea","crossArea","129","3","COMP-84A23A14","162","162","0","72","72","../qa/?familyId=crossArea&configuration=crossArea&seed=129&generatorRevision=3"
"crossArea","crossArea","2147483646","3","COMP-E8506252","68","68","3","6","6","../qa/?familyId=crossArea&configuration=crossArea&seed=2147483646&generatorRevision=3"
"crossArea","crossArea","2147483647","3","COMP-5FD548EA","58","58","2","4","4","../qa/?familyId=crossArea&configuration=crossArea&seed=2147483647&generatorRevision=3"
"semicircleBoundary","semicircleBoundary","1","3","COMP-393F7F01","55","55","4","66","66","../qa/?familyId=semicircleBoundary&configuration=semicircleBoundary&seed=1&generatorRevision=3"
"semicircleBoundary","semicircleBoundary","2","3","COMP-AA91E9C6","100","100","4","120","120","../qa/?familyId=semicircleBoundary&configuration=semicircleBoundary&seed=2&generatorRevision=3"
"semicircleBoundary","semicircleBoundary","129","3","COMP-E536E7D2","35","35","1","42","42","../qa/?familyId=semicircleBoundary&configuration=semicircleBoundary&seed=129&generatorRevision=3"
"semicircleBoundary","semicircleBoundary","2147483646","3","COMP-AA91E9C6","100","100","3","120","120","../qa/?familyId=semicircleBoundary&configuration=semicircleBoundary&seed=2147483646&generatorRevision=3"
"semicircleBoundary","semicircleBoundary","2147483647","3","COMP-BBD89FA8","85","85","0","102","102","../qa/?familyId=semicircleBoundary&configuration=semicircleBoundary&seed=2147483647&generatorRevision=3"
"circleRingRatio","circleRingRatio","1","3","COMP-FB91602C","85/121","0.7024793388429751","1","85/121","0.7024793388429752","../qa/?familyId=circleRingRatio&configuration=circleRingRatio&seed=1&generatorRevision=3"
"circleRingRatio","circleRingRatio","2","3","COMP-FED1E657","11/36","0.3055555555555555","0","11/36","0.3055555555555555","../qa/?familyId=circleRingRatio&configuration=circleRingRatio&seed=2&generatorRevision=3"
"circleRingRatio","circleRingRatio","129","3","COMP-057F298F","5/9","0.5555555555555556","2","5/9","0.5555555555555556","../qa/?familyId=circleRingRatio&configuration=circleRingRatio&seed=129&generatorRevision=3"
"circleRingRatio","circleRingRatio","2147483646","3","COMP-86083CB6","3/4","0.75","2","3/4","0.75","../qa/?familyId=circleRingRatio&configuration=circleRingRatio&seed=2147483646&generatorRevision=3"
"circleRingRatio","circleRingRatio","2147483647","3","COMP-0F4978CE","3/4","0.75","1","3/4","0.75","../qa/?familyId=circleRingRatio&configuration=circleRingRatio&seed=2147483647&generatorRevision=3"
"shadowSimilarity","shadowSimilarity","1","3","COMP-3A4A6738","132","132","1","6","6","../qa/?familyId=shadowSimilarity&configuration=shadowSimilarity&seed=1&generatorRevision=3"
"shadowSimilarity","shadowSimilarity","2","3","COMP-43115EA1","50","50","4","2","2","../qa/?familyId=shadowSimilarity&configuration=shadowSimilarity&seed=2&generatorRevision=3"
"shadowSimilarity","shadowSimilarity","129","3","COMP-F5673AF0","56","56","3","2","2","../qa/?familyId=shadowSimilarity&configuration=shadowSimilarity&seed=129&generatorRevision=3"
"shadowSimilarity","shadowSimilarity","2147483646","3","COMP-835DC450","130","130","0","6","6","../qa/?familyId=shadowSimilarity&configuration=shadowSimilarity&seed=2147483646&generatorRevision=3"
"shadowSimilarity","shadowSimilarity","2147483647","3","COMP-C89D9786","49","49","0","3","3","../qa/?familyId=shadowSimilarity&configuration=shadowSimilarity&seed=2147483647&generatorRevision=3"
"parallelTriangle","parallelTriangle","1","3","COMP-F570B4BE","84","84","1","3/4","0.75","../qa/?familyId=parallelTriangle&configuration=parallelTriangle&seed=1&generatorRevision=3"
"parallelTriangle","parallelTriangle","2","3","COMP-E558348D","64","64","4","3/4","0.75","../qa/?familyId=parallelTriangle&configuration=parallelTriangle&seed=2&generatorRevision=3"
"parallelTriangle","parallelTriangle","129","3","COMP-AF0841D7","49","49","3","3/4","0.75","../qa/?familyId=parallelTriangle&configuration=parallelTriangle&seed=129&generatorRevision=3"
"parallelTriangle","parallelTriangle","2147483646","3","COMP-A6D7AFB0","384","384","0","3/4","0.75","../qa/?familyId=parallelTriangle&configuration=parallelTriangle&seed=2147483646&generatorRevision=3"
"parallelTriangle","parallelTriangle","2147483647","3","COMP-072D884B","45","44.999999999999986","0","3/4","0.75","../qa/?familyId=parallelTriangle&configuration=parallelTriangle&seed=2147483647&generatorRevision=3"
"coordinateHorizontal","coordinateHorizontal","1","3","COMP-48CF7322","11","11","1","11","11","../qa/?familyId=coordinateHorizontal&configuration=coordinateHorizontal&seed=1&generatorRevision=3"
"coordinateHorizontal","coordinateHorizontal","2","3","COMP-4D65CDCB","13","13","4","13","13","../qa/?familyId=coordinateHorizontal&configuration=coordinateHorizontal&seed=2&generatorRevision=3"
"coordinateHorizontal","coordinateHorizontal","129","3","COMP-63EE930F","11","11","3","11","11","../qa/?familyId=coordinateHorizontal&configuration=coordinateHorizontal&seed=129&generatorRevision=3"
"coordinateHorizontal","coordinateHorizontal","2147483646","3","COMP-76487073","17","17","0","17","17","../qa/?familyId=coordinateHorizontal&configuration=coordinateHorizontal&seed=2147483646&generatorRevision=3"
"coordinateHorizontal","coordinateHorizontal","2147483647","3","COMP-FD4F5962","17","17","0","17","17","../qa/?familyId=coordinateHorizontal&configuration=coordinateHorizontal&seed=2147483647&generatorRevision=3"
"hypotenuseMidpoint","hypotenuseMidpoint","1","3","COMP-F06C27FB","50","50","4","40","40","../qa/?familyId=hypotenuseMidpoint&configuration=hypotenuseMidpoint&seed=1&generatorRevision=3"
"hypotenuseMidpoint","hypotenuseMidpoint","2","3","COMP-1426A7B3","20","20","4","16","16","../qa/?familyId=hypotenuseMidpoint&configuration=hypotenuseMidpoint&seed=2&generatorRevision=3"
"hypotenuseMidpoint","hypotenuseMidpoint","129","3","COMP-A362B71D","5","5","1","4","4","../qa/?familyId=hypotenuseMidpoint&configuration=hypotenuseMidpoint&seed=129&generatorRevision=3"
"hypotenuseMidpoint","hypotenuseMidpoint","2147483646","3","COMP-1426A7B3","20","20","3","16","16","../qa/?familyId=hypotenuseMidpoint&configuration=hypotenuseMidpoint&seed=2147483646&generatorRevision=3"
"hypotenuseMidpoint","hypotenuseMidpoint","2147483647","3","COMP-A362B71D","5","5","0","4","4","../qa/?familyId=hypotenuseMidpoint&configuration=hypotenuseMidpoint&seed=2147483647&generatorRevision=3"
"cubeSteps","cubeSteps","1","3","COMP-1F285E07","91","91","4","182","182","../qa/?familyId=cubeSteps&configuration=cubeSteps&seed=1&generatorRevision=3"
"cubeSteps","cubeSteps","2","3","COMP-DD8E1372","55","55","4","110","110","../qa/?familyId=cubeSteps&configuration=cubeSteps&seed=2&generatorRevision=3"
"cubeSteps","cubeSteps","129","3","COMP-1F285E07","91","91","1","182","182","../qa/?familyId=cubeSteps&configuration=cubeSteps&seed=129&generatorRevision=3"
"cubeSteps","cubeSteps","2147483646","3","COMP-DD8E1372","55","55","3","110","110","../qa/?familyId=cubeSteps&configuration=cubeSteps&seed=2147483646&generatorRevision=3"
"cubeSteps","cubeSteps","2147483647","3","COMP-7BE6E304","28","28","0","56","56","../qa/?familyId=cubeSteps&configuration=cubeSteps&seed=2147483647&generatorRevision=3"
"openBox","openBox","1","3","COMP-059C5215","36","36","4","36","36","../qa/?familyId=openBox&configuration=openBox&seed=1&generatorRevision=3"
"openBox","openBox","2","3","COMP-059C5215","36","36","4","36","36","../qa/?familyId=openBox&configuration=openBox&seed=2&generatorRevision=3"
"openBox","openBox","129","3","COMP-23C41C52","200","200","1","144","144","../qa/?familyId=openBox&configuration=openBox&seed=129&generatorRevision=3"
"openBox","openBox","2147483646","3","COMP-9F0C08B5","588","588","3","324","324","../qa/?familyId=openBox&configuration=openBox&seed=2147483646&generatorRevision=3"
"openBox","openBox","2147483647","3","COMP-23C41C52","200","200","0","144","144","../qa/?familyId=openBox&configuration=openBox&seed=2147483647&generatorRevision=3"
"setOutside","setOutside","1","3","COMP-7ABB15D0","7","7","1","6","6","../qa/?familyId=setOutside&configuration=setOutside&seed=1&generatorRevision=3"
"setOutside","setOutside","2","3","COMP-3B83B335","4","4","1","3","3","../qa/?familyId=setOutside&configuration=setOutside&seed=2&generatorRevision=3"
"setOutside","setOutside","129","3","COMP-7251B337","7","7","0","6","6","../qa/?familyId=setOutside&configuration=setOutside&seed=129&generatorRevision=3"
"setOutside","setOutside","2147483646","3","COMP-F9906FD0","9","9","3","8","8","../qa/?familyId=setOutside&configuration=setOutside&seed=2147483646&generatorRevision=3"
"setOutside","setOutside","2147483647","3","COMP-110D6541","10","10","2","9","9","../qa/?familyId=setOutside&configuration=setOutside&seed=2147483647&generatorRevision=3"
"threeSetExactlyTwo","threeSetExactlyTwo","1","3","COMP-338C56D5","4","4","1","7","7","../qa/?familyId=threeSetExactlyTwo&configuration=threeSetExactlyTwo&seed=1&generatorRevision=3"
"threeSetExactlyTwo","threeSetExactlyTwo","2","3","COMP-360FF9AC","3","3","1","6","6","../qa/?familyId=threeSetExactlyTwo&configuration=threeSetExactlyTwo&seed=2&generatorRevision=3"
"threeSetExactlyTwo","threeSetExactlyTwo","129","3","COMP-338C56D5","4","4","0","7","7","../qa/?familyId=threeSetExactlyTwo&configuration=threeSetExactlyTwo&seed=129&generatorRevision=3"
"threeSetExactlyTwo","threeSetExactlyTwo","2147483646","3","COMP-D42EB04B","14","14","3","16","16","../qa/?familyId=threeSetExactlyTwo&configuration=threeSetExactlyTwo&seed=2147483646&generatorRevision=3"
"threeSetExactlyTwo","threeSetExactlyTwo","2147483647","3","COMP-AE4BC5B2","7","7","2","11","11","../qa/?familyId=threeSetExactlyTwo&configuration=threeSetExactlyTwo&seed=2147483647&generatorRevision=3"
"menuBranches","menuBranches","1","3","COMP-9E79BC04","34","34","1","102","102","../qa/?familyId=menuBranches&configuration=menuBranches&seed=1&generatorRevision=3"
"menuBranches","menuBranches","2","3","COMP-F6BB8FB8","7","7","4","21","21","../qa/?familyId=menuBranches&configuration=menuBranches&seed=2&generatorRevision=3"
"menuBranches","menuBranches","129","3","COMP-F169B29A","16","16","3","48","48","../qa/?familyId=menuBranches&configuration=menuBranches&seed=129&generatorRevision=3"
"menuBranches","menuBranches","2147483646","3","COMP-34FF4CFA","17","17","0","51","51","../qa/?familyId=menuBranches&configuration=menuBranches&seed=2147483646&generatorRevision=3"
"menuBranches","menuBranches","2147483647","3","COMP-E7F64065","19","19","0","57","57","../qa/?familyId=menuBranches&configuration=menuBranches&seed=2147483647&generatorRevision=3"
"binaryNoNeighbors","binaryNoNeighbors","1","3","COMP-FFA2E320","13","13","4","5","5","../qa/?familyId=binaryNoNeighbors&configuration=binaryNoNeighbors&seed=1&generatorRevision=3"
"binaryNoNeighbors","binaryNoNeighbors","2","3","COMP-971AAA21","21","21","4","8","8","../qa/?familyId=binaryNoNeighbors&configuration=binaryNoNeighbors&seed=2&generatorRevision=3"
"binaryNoNeighbors","binaryNoNeighbors","129","3","COMP-FFA2E320","13","13","1","5","5","../qa/?familyId=binaryNoNeighbors&configuration=binaryNoNeighbors&seed=129&generatorRevision=3"
"binaryNoNeighbors","binaryNoNeighbors","2147483646","3","COMP-30786DD0","144","144","3","55","55","../qa/?familyId=binaryNoNeighbors&configuration=binaryNoNeighbors&seed=2147483646&generatorRevision=3"
"binaryNoNeighbors","binaryNoNeighbors","2147483647","3","COMP-9CF61FBF","233","233","0","89","89","../qa/?familyId=binaryNoNeighbors&configuration=binaryNoNeighbors&seed=2147483647&generatorRevision=3"
"unorderedPairs","unorderedPairs","1","3","COMP-D99C061B","91","91","4","182","182","../qa/?familyId=unorderedPairs&configuration=unorderedPairs&seed=1&generatorRevision=3"
"unorderedPairs","unorderedPairs","2","3","COMP-D275F5B5","10","10","4","20","20","../qa/?familyId=unorderedPairs&configuration=unorderedPairs&seed=2&generatorRevision=3"
"unorderedPairs","unorderedPairs","129","3","COMP-813FAB92","28","28","1","56","56","../qa/?familyId=unorderedPairs&configuration=unorderedPairs&seed=129&generatorRevision=3"
"unorderedPairs","unorderedPairs","2147483646","3","COMP-1F3F5158","55","55","3","110","110","../qa/?familyId=unorderedPairs&configuration=unorderedPairs&seed=2147483646&generatorRevision=3"
"unorderedPairs","unorderedPairs","2147483647","3","COMP-813FAB92","28","28","0","56","56","../qa/?familyId=unorderedPairs&configuration=unorderedPairs&seed=2147483647&generatorRevision=3"
"circularSeating","circularSeating","1","3","COMP-15A6EF71","1440","1440","4","5040","5040","../qa/?familyId=circularSeating&configuration=circularSeating&seed=1&generatorRevision=3"
"circularSeating","circularSeating","2","3","COMP-32CC219C","240","240","4","720","720","../qa/?familyId=circularSeating&configuration=circularSeating&seed=2&generatorRevision=3"
"circularSeating","circularSeating","129","3","COMP-C7C7EC9D","4","4","1","6","6","../qa/?familyId=circularSeating&configuration=circularSeating&seed=129&generatorRevision=3"
"circularSeating","circularSeating","2147483646","3","COMP-32CC219C","240","240","3","720","720","../qa/?familyId=circularSeating&configuration=circularSeating&seed=2147483646&generatorRevision=3"
"circularSeating","circularSeating","2147483647","3","COMP-C7C7EC9D","4","4","0","6","6","../qa/?familyId=circularSeating&configuration=circularSeating&seed=2147483647&generatorRevision=3"
"differentDigits","differentDigits","1","3","COMP-67D6B45C","132","132","4","66","66","../qa/?familyId=differentDigits&configuration=differentDigits&seed=1&generatorRevision=3"
"differentDigits","differentDigits","2","3","COMP-7250493E","72","72","4","36","36","../qa/?familyId=differentDigits&configuration=differentDigits&seed=2&generatorRevision=3"
"differentDigits","differentDigits","129","3","COMP-67D6B45C","132","132","1","66","66","../qa/?familyId=differentDigits&configuration=differentDigits&seed=129&generatorRevision=3"
"differentDigits","differentDigits","2147483646","3","COMP-7250493E","72","72","3","36","36","../qa/?familyId=differentDigits&configuration=differentDigits&seed=2147483646&generatorRevision=3"
"differentDigits","differentDigits","2147483647","3","COMP-D1BFEC57","30","30","0","15","15","../qa/?familyId=differentDigits&configuration=differentDigits&seed=2147483647&generatorRevision=3"
"allThreeColors","allThreeColors","1","3","COMP-A56E2216","1806","1806","4","378","378","../qa/?familyId=allThreeColors&configuration=allThreeColors&seed=1&generatorRevision=3"
"allThreeColors","allThreeColors","2","3","COMP-E706D9AB","36","36","4","42","42","../qa/?familyId=allThreeColors&configuration=allThreeColors&seed=2&generatorRevision=3"
"allThreeColors","allThreeColors","129","3","COMP-A56E2216","1806","1806","1","378","378","../qa/?familyId=allThreeColors&configuration=allThreeColors&seed=129&generatorRevision=3"
"allThreeColors","allThreeColors","2147483646","3","COMP-E706D9AB","36","36","3","42","42","../qa/?familyId=allThreeColors&configuration=allThreeColors&seed=2147483646&generatorRevision=3"
"allThreeColors","allThreeColors","2147483647","3","COMP-A56E2216","1806","1806","0","378","378","../qa/?familyId=allThreeColors&configuration=allThreeColors&seed=2147483647&generatorRevision=3"
"truncatedBars","truncatedBars","1","3","COMP-FD79F757","170","170","1","20","20","../qa/?familyId=truncatedBars&configuration=truncatedBars&seed=1&generatorRevision=3"
"truncatedBars","truncatedBars","2","3","COMP-FC741868","145","145","1","15","15","../qa/?familyId=truncatedBars&configuration=truncatedBars&seed=2&generatorRevision=3"
"truncatedBars","truncatedBars","129","3","COMP-39B37E31","202","202","0","12","12","../qa/?familyId=truncatedBars&configuration=truncatedBars&seed=129&generatorRevision=3"
"truncatedBars","truncatedBars","2147483646","3","COMP-B88D9A3A","154","154","3","6","6","../qa/?familyId=truncatedBars&configuration=truncatedBars&seed=2147483646&generatorRevision=3"
"truncatedBars","truncatedBars","2147483647","3","COMP-52DC0D24","187","187","2","21","21","../qa/?familyId=truncatedBars&configuration=truncatedBars&seed=2147483647&generatorRevision=3"
"cumulativeChart","cumulativeChart","1","3","COMP-F3BDE5AC","14","14","1","10","10","../qa/?familyId=cumulativeChart&configuration=cumulativeChart&seed=1&generatorRevision=3"
"cumulativeChart","cumulativeChart","2","3","COMP-E0538277","9","9","1","3","3","../qa/?familyId=cumulativeChart&configuration=cumulativeChart&seed=2&generatorRevision=3"
"cumulativeChart","cumulativeChart","129","3","COMP-E6A89B28","11","11","0","7","7","../qa/?familyId=cumulativeChart&configuration=cumulativeChart&seed=129&generatorRevision=3"
"cumulativeChart","cumulativeChart","2147483646","3","COMP-F93CC2B7","8","8","3","4","4","../qa/?familyId=cumulativeChart&configuration=cumulativeChart&seed=2147483646&generatorRevision=3"
"cumulativeChart","cumulativeChart","2147483647","3","COMP-8C22EF4F","5","5","2","4","4","../qa/?familyId=cumulativeChart&configuration=cumulativeChart&seed=2147483647&generatorRevision=3"
"medianSort","medianSort","1","3","COMP-26D07028","20","20","3","20","20","../qa/?familyId=medianSort&configuration=medianSort&seed=1&generatorRevision=3"
"medianSort","medianSort","2","3","COMP-91B19EFB","14","14","0","14","14","../qa/?familyId=medianSort&configuration=medianSort&seed=2&generatorRevision=3"
"medianSort","medianSort","129","3","COMP-8C2D584B","13","13","0","13","13","../qa/?familyId=medianSort&configuration=medianSort&seed=129&generatorRevision=3"
"medianSort","medianSort","2147483646","3","COMP-6ECB1E39","10","10","4","10","10","../qa/?familyId=medianSort&configuration=medianSort&seed=2147483646&generatorRevision=3"
"medianSort","medianSort","2147483647","3","COMP-4A930DB6","15","15","3","15","15","../qa/?familyId=medianSort&configuration=medianSort&seed=2147483647&generatorRevision=3"
"overlapAverages","overlapAverages","1","3","COMP-8A162CA0","10","10","3","12","12","../qa/?familyId=overlapAverages&configuration=overlapAverages&seed=1&generatorRevision=3"
"overlapAverages","overlapAverages","2","3","COMP-8BE71B75","7","7","0","13","13","../qa/?familyId=overlapAverages&configuration=overlapAverages&seed=2&generatorRevision=3"
"overlapAverages","overlapAverages","129","3","COMP-7C1834EA","7","7","0","15","15","../qa/?familyId=overlapAverages&configuration=overlapAverages&seed=129&generatorRevision=3"
"overlapAverages","overlapAverages","2147483646","3","COMP-8BE71B75","7","7","4","13","13","../qa/?familyId=overlapAverages&configuration=overlapAverages&seed=2147483646&generatorRevision=3"
"overlapAverages","overlapAverages","2147483647","3","COMP-F85E606F","5","5","3","17","17","../qa/?familyId=overlapAverages&configuration=overlapAverages&seed=2147483647&generatorRevision=3"
"spinnerLabels","spinnerLabels","1","3","COMP-428C1059","6/13","0.46153846153846156","4","1/3","0.3333333333333333","../qa/?familyId=spinnerLabels&configuration=spinnerLabels&seed=1&generatorRevision=3"
"spinnerLabels","spinnerLabels","2","3","COMP-19B1D6E2","7/10","0.7","0","3/7","0.42857142857142855","../qa/?familyId=spinnerLabels&configuration=spinnerLabels&seed=2&generatorRevision=3"
"spinnerLabels","spinnerLabels","129","3","COMP-703A8248","7/8","0.875","4","2/7","0.2857142857142857","../qa/?familyId=spinnerLabels&configuration=spinnerLabels&seed=129&generatorRevision=3"
"spinnerLabels","spinnerLabels","2147483646","3","COMP-A88C102A","7/10","0.7","2","5/7","0.7142857142857143","../qa/?familyId=spinnerLabels&configuration=spinnerLabels&seed=2147483646&generatorRevision=3"
"spinnerLabels","spinnerLabels","2147483647","3","COMP-5CCA5594","3/4","0.75","3","1/3","0.3333333333333333","../qa/?familyId=spinnerLabels&configuration=spinnerLabels&seed=2147483647&generatorRevision=3"
"conditionalBalls","conditionalBalls","1","3","COMP-6411C93D","5/17","0.29411764705882354","1","1/2","0.5","../qa/?familyId=conditionalBalls&configuration=conditionalBalls&seed=1&generatorRevision=3"
"conditionalBalls","conditionalBalls","2","3","COMP-A753F79E","1/2","0.5","0","10/11","0.9090909090909091","../qa/?familyId=conditionalBalls&configuration=conditionalBalls&seed=2&generatorRevision=3"
"conditionalBalls","conditionalBalls","129","3","COMP-E41C2D75","1/5","0.2","2","1/2","0.5","../qa/?familyId=conditionalBalls&configuration=conditionalBalls&seed=129&generatorRevision=3"
"conditionalBalls","conditionalBalls","2147483646","3","COMP-5BF0F0CA","1/4","0.25","2","2/5","0.4","../qa/?familyId=conditionalBalls&configuration=conditionalBalls&seed=2147483646&generatorRevision=3"
"conditionalBalls","conditionalBalls","2147483647","3","COMP-778960CE","1/7","0.14285714285714285","1","1/4","0.25","../qa/?familyId=conditionalBalls&configuration=conditionalBalls&seed=2147483647&generatorRevision=3"
"quarterTurn","quarterTurn","1","3","COMP-91BD085C","0","0","3","2","2","../qa/?familyId=quarterTurn&configuration=quarterTurn&seed=1&generatorRevision=3"
"quarterTurn","quarterTurn","2","3","COMP-1D8FFA4B","3","3","0","1","1","../qa/?familyId=quarterTurn&configuration=quarterTurn&seed=2&generatorRevision=3"
"quarterTurn","quarterTurn","129","3","COMP-91BD085C","0","0","0","2","2","../qa/?familyId=quarterTurn&configuration=quarterTurn&seed=129&generatorRevision=3"
"quarterTurn","quarterTurn","2147483646","3","COMP-1D8FFA4B","3","3","4","1","1","../qa/?familyId=quarterTurn&configuration=quarterTurn&seed=2147483646&generatorRevision=3"
"quarterTurn","quarterTurn","2147483647","3","COMP-D444857E","2","2","3","0","0","../qa/?familyId=quarterTurn&configuration=quarterTurn&seed=2147483647&generatorRevision=3"
"transformOrder","transformOrder","1","3","COMP-2BD62E06","0","0","3","2","2","../qa/?familyId=transformOrder&configuration=transformOrder&seed=1&generatorRevision=3"
"transformOrder","transformOrder","2","3","COMP-A3FACC5D","1","1","0","3","3","../qa/?familyId=transformOrder&configuration=transformOrder&seed=2&generatorRevision=3"
"transformOrder","transformOrder","129","3","COMP-2BD62E06","0","0","0","2","2","../qa/?familyId=transformOrder&configuration=transformOrder&seed=129&generatorRevision=3"
"transformOrder","transformOrder","2147483646","3","COMP-A3FACC5D","1","1","4","3","3","../qa/?familyId=transformOrder&configuration=transformOrder&seed=2147483646&generatorRevision=3"
"transformOrder","transformOrder","2147483647","3","COMP-E9E97B3C","2","2","3","0","0","../qa/?familyId=transformOrder&configuration=transformOrder&seed=2147483647&generatorRevision=3"
"lightSwitchParity","lightSwitchParity","1","3","COMP-486B3731","1","1","1","0","0","../qa/?familyId=lightSwitchParity&configuration=lightSwitchParity&seed=1&generatorRevision=3"
"lightSwitchParity","lightSwitchParity","2","3","COMP-B517A5CF","1","1","1","0","0","../qa/?familyId=lightSwitchParity&configuration=lightSwitchParity&seed=2&generatorRevision=3"
"lightSwitchParity","lightSwitchParity","129","3","COMP-9D876EB0","1","1","0","0","0","../qa/?familyId=lightSwitchParity&configuration=lightSwitchParity&seed=129&generatorRevision=3"
"lightSwitchParity","lightSwitchParity","2147483646","3","COMP-A861A6FC","0","0","3","1","1","../qa/?familyId=lightSwitchParity&configuration=lightSwitchParity&seed=2147483646&generatorRevision=3"
"lightSwitchParity","lightSwitchParity","2147483647","3","COMP-C91360D0","1","1","2","0","0","../qa/?familyId=lightSwitchParity&configuration=lightSwitchParity&seed=2147483647&generatorRevision=3"
"ballReplacement","ballReplacement","1","3","COMP-0891FEBB","1","1","3","0","0","../qa/?familyId=ballReplacement&configuration=ballReplacement&seed=1&generatorRevision=3"
"ballReplacement","ballReplacement","2","3","COMP-EB66BC2F","0","0","0","1","1","../qa/?familyId=ballReplacement&configuration=ballReplacement&seed=2&generatorRevision=3"
"ballReplacement","ballReplacement","129","3","COMP-C259F09D","1","1","0","0","0","../qa/?familyId=ballReplacement&configuration=ballReplacement&seed=129&generatorRevision=3"
"ballReplacement","ballReplacement","2147483646","3","COMP-C38E1413","0","0","4","1","1","../qa/?familyId=ballReplacement&configuration=ballReplacement&seed=2147483646&generatorRevision=3"
"ballReplacement","ballReplacement","2147483647","3","COMP-76F6E9C9","1","1","3","0","0","../qa/?familyId=ballReplacement&configuration=ballReplacement&seed=2147483647&generatorRevision=3"
"transferBetweenBoxes","transferBetweenBoxes","1","3","COMP-DE334445","14","14","2","14","14","../qa/?familyId=transferBetweenBoxes&configuration=transferBetweenBoxes&seed=1&generatorRevision=3"
"transferBetweenBoxes","transferBetweenBoxes","2","3","COMP-0E663264","8","8","0","12","12","../qa/?familyId=transferBetweenBoxes&configuration=transferBetweenBoxes&seed=2&generatorRevision=3"
"transferBetweenBoxes","transferBetweenBoxes","129","3","COMP-DE334445","14","14","4","14","14","../qa/?familyId=transferBetweenBoxes&configuration=transferBetweenBoxes&seed=129&generatorRevision=3"
"transferBetweenBoxes","transferBetweenBoxes","2147483646","3","COMP-B64DA1D9","16","16","3","24","24","../qa/?familyId=transferBetweenBoxes&configuration=transferBetweenBoxes&seed=2147483646&generatorRevision=3"
"transferBetweenBoxes","transferBetweenBoxes","2147483647","3","COMP-3E10E1A4","10","10","2","20","20","../qa/?familyId=transferBetweenBoxes&configuration=transferBetweenBoxes&seed=2147483647&generatorRevision=3"
"rectanglePointAreas","rectanglePointAreas","1","3","COMP-42F8DB57","3","2.999999999999999","1","11","11","../qa/?familyId=rectanglePointAreas&configuration=rectanglePointAreas&seed=1&generatorRevision=3"
"rectanglePointAreas","rectanglePointAreas","2","3","COMP-0D9F0D7D","8","8","0","9","9","../qa/?familyId=rectanglePointAreas&configuration=rectanglePointAreas&seed=2&generatorRevision=3"
"rectanglePointAreas","rectanglePointAreas","129","3","COMP-7DDB2BB2","39","39","3","13","13","../qa/?familyId=rectanglePointAreas&configuration=rectanglePointAreas&seed=129&generatorRevision=3"
"rectanglePointAreas","rectanglePointAreas","2147483646","3","COMP-165BF62F","18","18","4","17","17","../qa/?familyId=rectanglePointAreas&configuration=rectanglePointAreas&seed=2147483646&generatorRevision=3"
"rectanglePointAreas","rectanglePointAreas","2147483647","3","COMP-B998EBF1","16","16","0","14","14","../qa/?familyId=rectanglePointAreas&configuration=rectanglePointAreas&seed=2147483647&generatorRevision=3"
"worstCaseColors","worstCaseColors","1","3","COMP-E61E5826","7","7","1","9","9","../qa/?familyId=worstCaseColors&configuration=worstCaseColors&seed=1&generatorRevision=3"
"worstCaseColors","worstCaseColors","2","3","COMP-FA314147","6","6","0","8","8","../qa/?familyId=worstCaseColors&configuration=worstCaseColors&seed=2&generatorRevision=3"
"worstCaseColors","worstCaseColors","129","3","COMP-3DEF7E10","7","7","3","9","9","../qa/?familyId=worstCaseColors&configuration=worstCaseColors&seed=129&generatorRevision=3"
"worstCaseColors","worstCaseColors","2147483646","3","COMP-965E9140","6","6","4","8","8","../qa/?familyId=worstCaseColors&configuration=worstCaseColors&seed=2147483646&generatorRevision=3"
"worstCaseColors","worstCaseColors","2147483647","3","COMP-5FE26F71","7","7","0","9","9","../qa/?familyId=worstCaseColors&configuration=worstCaseColors&seed=2147483647&generatorRevision=3"
"stagedClimb","stagedClimb","1","3","COMP-DA9158DD","13","13","2","18","18","../qa/?familyId=stagedClimb&configuration=stagedClimb&seed=1&generatorRevision=3"
"stagedClimb","stagedClimb","2","3","COMP-8FA945A7","4","4","0","4","4","../qa/?familyId=stagedClimb&configuration=stagedClimb&seed=2&generatorRevision=3"
"stagedClimb","stagedClimb","129","3","COMP-9F42866F","6","6","4","6","6","../qa/?familyId=stagedClimb&configuration=stagedClimb&seed=129&generatorRevision=3"
"stagedClimb","stagedClimb","2147483646","3","COMP-1BE58D8F","7","7","3","8","8","../qa/?familyId=stagedClimb&configuration=stagedClimb&seed=2147483646&generatorRevision=3"
"stagedClimb","stagedClimb","2147483647","3","COMP-E5DE5478","2","2","2","3","3","../qa/?familyId=stagedClimb&configuration=stagedClimb&seed=2147483647&generatorRevision=3"
"consecutiveRepresentations","consecutiveRepresentations","1","3","COMP-7BE4C829","5","5","0","5","5","../qa/?familyId=consecutiveRepresentations&configuration=consecutiveRepresentations&seed=1&generatorRevision=3"
"consecutiveRepresentations","consecutiveRepresentations","2","3","COMP-A4C4C2B6","3","3","4","3","3","../qa/?familyId=consecutiveRepresentations&configuration=consecutiveRepresentations&seed=2&generatorRevision=3"
"consecutiveRepresentations","consecutiveRepresentations","129","3","COMP-7BE4C829","5","5","0","5","5","../qa/?familyId=consecutiveRepresentations&configuration=consecutiveRepresentations&seed=129&generatorRevision=3"
"consecutiveRepresentations","consecutiveRepresentations","2147483646","3","COMP-A4C4C2B6","3","3","2","3","3","../qa/?familyId=consecutiveRepresentations&configuration=consecutiveRepresentations&seed=2147483646&generatorRevision=3"
"consecutiveRepresentations","consecutiveRepresentations","2147483647","3","COMP-50115D27","2","2","0","2","2","../qa/?familyId=consecutiveRepresentations&configuration=consecutiveRepresentations&seed=2147483647&generatorRevision=3"
"remainderProbability","remainderProbability","1","3","COMP-CA4A96ED","7/46","0.15217391304347827","3","7/47","0.14893617021276595","../qa/?familyId=remainderProbability&configuration=remainderProbability&seed=1&generatorRevision=3"
"remainderProbability","remainderProbability","2","3","COMP-CBE32658","3/17","0.17647058823529413","1","1/6","0.16666666666666666","../qa/?familyId=remainderProbability&configuration=remainderProbability&seed=2&generatorRevision=3"
"remainderProbability","remainderProbability","129","3","COMP-7DCFBDC1","3/8","0.375","1","1/3","0.3333333333333333","../qa/?familyId=remainderProbability&configuration=remainderProbability&seed=129&generatorRevision=3"
"remainderProbability","remainderProbability","2147483646","3","COMP-E07D332A","3/19","0.15789473684210525","0","2/13","0.15384615384615385","../qa/?familyId=remainderProbability&configuration=remainderProbability&seed=2147483646&generatorRevision=3"
"remainderProbability","remainderProbability","2147483647","3","COMP-84C92FEF","4/11","0.36363636363636365","4","1/3","0.3333333333333333","../qa/?familyId=remainderProbability&configuration=remainderProbability&seed=2147483647&generatorRevision=3"
"rotatingColors","rotatingColors","1","3","COMP-3C31976D","2","2","0","10","10","../qa/?familyId=rotatingColors&configuration=rotatingColors&seed=1&generatorRevision=3"
"rotatingColors","rotatingColors","2","3","COMP-46B774AB","3","3","3","15","15","../qa/?familyId=rotatingColors&configuration=rotatingColors&seed=2&generatorRevision=3"
"rotatingColors","rotatingColors","129","3","COMP-3C31976D","2","2","1","10","10","../qa/?familyId=rotatingColors&configuration=rotatingColors&seed=129&generatorRevision=3"
"rotatingColors","rotatingColors","2147483646","3","COMP-46B774AB","3","3","2","15","15","../qa/?familyId=rotatingColors&configuration=rotatingColors&seed=2147483646&generatorRevision=3"
"rotatingColors","rotatingColors","2147483647","3","COMP-E2EABC29","3","3","1","21","21","../qa/?familyId=rotatingColors&configuration=rotatingColors&seed=2147483647&generatorRevision=3"
"stepwiseRoute","stepwiseRoute","1","3","COMP-251266BC","1/2","0.5","4","2/3","0.6666666666666666","../qa/?familyId=stepwiseRoute&configuration=stepwiseRoute&seed=1&generatorRevision=3"
"stepwiseRoute","stepwiseRoute","2","3","COMP-23FAFACD","3/4","0.75","0","2/3","0.6666666666666666","../qa/?familyId=stepwiseRoute&configuration=stepwiseRoute&seed=2&generatorRevision=3"
"stepwiseRoute","stepwiseRoute","129","3","COMP-CFFE52B8","1/2","0.5","4","2/5","0.4","../qa/?familyId=stepwiseRoute&configuration=stepwiseRoute&seed=129&generatorRevision=3"
"stepwiseRoute","stepwiseRoute","2147483646","3","COMP-BF541CCF","1/4","0.25","2","1/3","0.3333333333333333","../qa/?familyId=stepwiseRoute&configuration=stepwiseRoute&seed=2147483646&generatorRevision=3"
"stepwiseRoute","stepwiseRoute","2147483647","3","COMP-251266BC","1/2","0.5","3","2/3","0.6666666666666666","../qa/?familyId=stepwiseRoute&configuration=stepwiseRoute&seed=2147483647&generatorRevision=3"
"rule-join-open","joined-length:join-open","1","3","COMP-230B0DCF","62","62","1","60","60","../qa/?familyId=rule-join-open&configuration=joined-length%3Ajoin-open&seed=1&generatorRevision=3"
"rule-join-open","joined-length:join-open","2","3","COMP-94F258D9","48","48","0","45","45","../qa/?familyId=rule-join-open&configuration=joined-length%3Ajoin-open&seed=2&generatorRevision=3"
"rule-join-open","joined-length:join-open","129","3","COMP-70659DAA","65","65","3","63","63","../qa/?familyId=rule-join-open&configuration=joined-length%3Ajoin-open&seed=129&generatorRevision=3"
"rule-join-open","joined-length:join-open","2147483646","3","COMP-5E83D747","75","75","4","72","72","../qa/?familyId=rule-join-open&configuration=joined-length%3Ajoin-open&seed=2147483646&generatorRevision=3"
"rule-join-open","joined-length:join-open","2147483647","3","COMP-059F8B7B","49","49","0","45","45","../qa/?familyId=rule-join-open&configuration=joined-length%3Ajoin-open&seed=2147483647&generatorRevision=3"
"rule-join-closed","joined-length:join-closed","1","3","COMP-DFBF2547","60","60","1","62","62","../qa/?familyId=rule-join-closed&configuration=joined-length%3Ajoin-closed&seed=1&generatorRevision=3"
"rule-join-closed","joined-length:join-closed","2","3","COMP-7C146AA1","45","45","0","48","48","../qa/?familyId=rule-join-closed&configuration=joined-length%3Ajoin-closed&seed=2&generatorRevision=3"
"rule-join-closed","joined-length:join-closed","129","3","COMP-95ADF902","63","63","3","65","65","../qa/?familyId=rule-join-closed&configuration=joined-length%3Ajoin-closed&seed=129&generatorRevision=3"
"rule-join-closed","joined-length:join-closed","2147483646","3","COMP-4F1DD6DF","72","72","4","75","75","../qa/?familyId=rule-join-closed&configuration=joined-length%3Ajoin-closed&seed=2147483646&generatorRevision=3"
"rule-join-closed","joined-length:join-closed","2147483647","3","COMP-4BD6B5E3","45","45","0","49","49","../qa/?familyId=rule-join-closed&configuration=joined-length%3Ajoin-closed&seed=2147483647&generatorRevision=3"
"rule-join-piece","joined-length:join-piece","1","3","COMP-CE97C493","22","22.000000000000014","1","60","60","../qa/?familyId=rule-join-piece&configuration=joined-length%3Ajoin-piece&seed=1&generatorRevision=3"
"rule-join-piece","joined-length:join-piece","2","3","COMP-E12A5892","18","18.000000000000007","0","45","45","../qa/?familyId=rule-join-piece&configuration=joined-length%3Ajoin-piece&seed=2&generatorRevision=3"
"rule-join-piece","joined-length:join-piece","129","3","COMP-535BC460","23","22.99999999999997","3","63","63","../qa/?familyId=rule-join-piece&configuration=joined-length%3Ajoin-piece&seed=129&generatorRevision=3"
"rule-join-piece","joined-length:join-piece","2147483646","3","COMP-749AAE32","27","26.999999999999986","4","72","72","../qa/?familyId=rule-join-piece&configuration=joined-length%3Ajoin-piece&seed=2147483646&generatorRevision=3"
"rule-join-piece","joined-length:join-piece","2147483647","3","COMP-5237CAF0","19","18.999999999999964","0","45","45","../qa/?familyId=rule-join-piece&configuration=joined-length%3Ajoin-piece&seed=2147483647&generatorRevision=3"
"rule-posts-both","interval-endpoints:posts-both","1","3","COMP-B6887EF0","7","7","0","5","5","../qa/?familyId=rule-posts-both&configuration=interval-endpoints%3Aposts-both&seed=1&generatorRevision=3"
"rule-posts-both","interval-endpoints:posts-both","2","3","COMP-B6FC6256","7","7","3","5","5","../qa/?familyId=rule-posts-both&configuration=interval-endpoints%3Aposts-both&seed=2&generatorRevision=3"
"rule-posts-both","interval-endpoints:posts-both","129","3","COMP-DB7ED074","8","8","1","6","6","../qa/?familyId=rule-posts-both&configuration=interval-endpoints%3Aposts-both&seed=129&generatorRevision=3"
"rule-posts-both","interval-endpoints:posts-both","2147483646","3","COMP-3AA9F6C8","5","5","2","3","3","../qa/?familyId=rule-posts-both&configuration=interval-endpoints%3Aposts-both&seed=2147483646&generatorRevision=3"
"rule-posts-both","interval-endpoints:posts-both","2147483647","3","COMP-7E3C32FB","9","9","1","7","7","../qa/?familyId=rule-posts-both&configuration=interval-endpoints%3Aposts-both&seed=2147483647&generatorRevision=3"
"rule-posts-neither","interval-endpoints:posts-neither","1","3","COMP-CB74A12C","5","5","0","7","7","../qa/?familyId=rule-posts-neither&configuration=interval-endpoints%3Aposts-neither&seed=1&generatorRevision=3"
"rule-posts-neither","interval-endpoints:posts-neither","2","3","COMP-2E247EFA","5","5","3","7","7","../qa/?familyId=rule-posts-neither&configuration=interval-endpoints%3Aposts-neither&seed=2&generatorRevision=3"
"rule-posts-neither","interval-endpoints:posts-neither","129","3","COMP-4DC222F8","6","6","1","8","8","../qa/?familyId=rule-posts-neither&configuration=interval-endpoints%3Aposts-neither&seed=129&generatorRevision=3"
"rule-posts-neither","interval-endpoints:posts-neither","2147483646","3","COMP-E8ADD0AC","3","3","2","5","5","../qa/?familyId=rule-posts-neither&configuration=interval-endpoints%3Aposts-neither&seed=2147483646&generatorRevision=3"
"rule-posts-neither","interval-endpoints:posts-neither","2147483647","3","COMP-6562046F","7","7","1","9","9","../qa/?familyId=rule-posts-neither&configuration=interval-endpoints%3Aposts-neither&seed=2147483647&generatorRevision=3"
"rule-weighted-mean","weighted-total:weighted-mean","1","3","COMP-EBB48BFA","55/4","13.75","3","8","7.999999999999978","../qa/?familyId=rule-weighted-mean&configuration=weighted-total%3Aweighted-mean&seed=1&generatorRevision=3"
"rule-weighted-mean","weighted-total:weighted-mean","2","3","COMP-1089FD4D","46/3","15.333333333333334","0","11","11.000000000000028","../qa/?familyId=rule-weighted-mean&configuration=weighted-total%3Aweighted-mean&seed=2&generatorRevision=3"
"rule-weighted-mean","weighted-total:weighted-mean","129","3","COMP-4D9B258B","73/5","14.6","0","10","9.999999999999982","../qa/?familyId=rule-weighted-mean&configuration=weighted-total%3Aweighted-mean&seed=129&generatorRevision=3"
"rule-weighted-mean","weighted-total:weighted-mean","2147483646","3","COMP-D9ED353A","14","14","4","13","13.000000000000032","../qa/?familyId=rule-weighted-mean&configuration=weighted-total%3Aweighted-mean&seed=2147483646&generatorRevision=3"
"rule-weighted-mean","weighted-total:weighted-mean","2147483647","3","COMP-92F5B20D","19","19","0","14","13.999999999999993","../qa/?familyId=rule-weighted-mean&configuration=weighted-total%3Aweighted-mean&seed=2147483647&generatorRevision=3"
"rule-weighted-score","weighted-total:weighted-score","1","3","COMP-39824743","7","7.000000000000019","1","14","14","../qa/?familyId=rule-weighted-score&configuration=weighted-total%3Aweighted-score&seed=1&generatorRevision=3"
"rule-weighted-score","weighted-total:weighted-score","2","3","COMP-950F1491","10","9.999999999999982","0","47/3","15.666666666666666","../qa/?familyId=rule-weighted-score&configuration=weighted-total%3Aweighted-score&seed=2&generatorRevision=3"
"rule-weighted-score","weighted-total:weighted-score","129","3","COMP-44462593","9","9.000000000000025","3","74/5","14.8","../qa/?familyId=rule-weighted-score&configuration=weighted-total%3Aweighted-score&seed=129&generatorRevision=3"
"rule-weighted-score","weighted-total:weighted-score","2147483646","3","COMP-45DBDCCD","12","11.99999999999999","4","43/3","14.333333333333334","../qa/?familyId=rule-weighted-score&configuration=weighted-total%3Aweighted-score&seed=2147483646&generatorRevision=3"
"rule-weighted-score","weighted-total:weighted-score","2147483647","3","COMP-52333E52","13","13.000000000000032","0","77/4","19.25","../qa/?familyId=rule-weighted-score&configuration=weighted-total%3Aweighted-score&seed=2147483647&generatorRevision=3"
"rule-ratio-length","ratio-perimeter:ratio-length","1","3","COMP-C5D8ED6B","24","23.999999999999932","2","128","128","../qa/?familyId=rule-ratio-length&configuration=ratio-perimeter%3Aratio-length&seed=1&generatorRevision=3"
"rule-ratio-length","ratio-perimeter:ratio-length","2","3","COMP-0B34B758","8","7.999999999999934","0","48","48","../qa/?familyId=rule-ratio-length&configuration=ratio-perimeter%3Aratio-length&seed=2&generatorRevision=3"
"rule-ratio-length","ratio-perimeter:ratio-length","129","3","COMP-119BC04E","8","7.999999999999847","4","40","40","../qa/?familyId=rule-ratio-length&configuration=ratio-perimeter%3Aratio-length&seed=129&generatorRevision=3"
"rule-ratio-length","ratio-perimeter:ratio-length","2147483646","3","COMP-0B34B758","8","7.999999999999934","3","48","48","../qa/?familyId=rule-ratio-length&configuration=ratio-perimeter%3Aratio-length&seed=2147483646&generatorRevision=3"
"rule-ratio-length","ratio-perimeter:ratio-length","2147483647","3","COMP-02A03616","12","11.9999999999999","2","64","64","../qa/?familyId=rule-ratio-length&configuration=ratio-perimeter%3Aratio-length&seed=2147483647&generatorRevision=3"
"rule-ratio-perimeter","ratio-perimeter:ratio-perimeter","1","3","COMP-BEA96194","64","64","2","48","48","../qa/?familyId=rule-ratio-perimeter&configuration=ratio-perimeter%3Aratio-perimeter&seed=1&generatorRevision=3"
"rule-ratio-perimeter","ratio-perimeter:ratio-perimeter","2","3","COMP-E1E91DC5","24","24","0","16","15.999999999999956","../qa/?familyId=rule-ratio-perimeter&configuration=ratio-perimeter%3Aratio-perimeter&seed=2&generatorRevision=3"
"rule-ratio-perimeter","ratio-perimeter:ratio-perimeter","129","3","COMP-2C9412A9","20","20","4","16","15.999999999999869","../qa/?familyId=rule-ratio-perimeter&configuration=ratio-perimeter%3Aratio-perimeter&seed=129&generatorRevision=3"
"rule-ratio-perimeter","ratio-perimeter:ratio-perimeter","2147483646","3","COMP-E1E91DC5","24","24","3","16","15.999999999999956","../qa/?familyId=rule-ratio-perimeter&configuration=ratio-perimeter%3Aratio-perimeter&seed=2147483646&generatorRevision=3"
"rule-ratio-perimeter","ratio-perimeter:ratio-perimeter","2147483647","3","COMP-FF135F50","32","32","2","24","23.999999999999932","../qa/?familyId=rule-ratio-perimeter&configuration=ratio-perimeter%3Aratio-perimeter&seed=2147483647&generatorRevision=3"
"rule-fraction-reverse","fraction-wholes:fraction-reverse","1","3","COMP-1FAD19E0","112","111.99999999999999","0","77","77","../qa/?familyId=rule-fraction-reverse&configuration=fraction-wholes%3Afraction-reverse&seed=1&generatorRevision=3"
"rule-fraction-reverse","fraction-wholes:fraction-reverse","2","3","COMP-5632A8B1","36","35.99999999999997","4","20","20","../qa/?familyId=rule-fraction-reverse&configuration=fraction-wholes%3Afraction-reverse&seed=2&generatorRevision=3"
"rule-fraction-reverse","fraction-wholes:fraction-reverse","129","3","COMP-BE2813D8","140","140","0","98","98","../qa/?familyId=rule-fraction-reverse&configuration=fraction-wholes%3Afraction-reverse&seed=129&generatorRevision=3"
"rule-fraction-reverse","fraction-wholes:fraction-reverse","2147483646","3","COMP-8D9B8B74","72","71.99999999999999","2","40","40","../qa/?familyId=rule-fraction-reverse&configuration=fraction-wholes%3Afraction-reverse&seed=2147483646&generatorRevision=3"
"rule-fraction-reverse","fraction-wholes:fraction-reverse","2147483647","3","COMP-A50D1C93","80","79.99999999999999","0","55","55","../qa/?familyId=rule-fraction-reverse&configuration=fraction-wholes%3Afraction-reverse&seed=2147483647&generatorRevision=3"
"rule-fraction-original","fraction-wholes:fraction-original","1","3","COMP-A3C9894E","14","14","2","112/3","37.33333333333336","../qa/?familyId=rule-fraction-original&configuration=fraction-wholes%3Afraction-original&seed=1&generatorRevision=3"
"rule-fraction-original","fraction-wholes:fraction-original","2","3","COMP-789AB45C","4","4","0","12","11.99999999999999","../qa/?familyId=rule-fraction-original&configuration=fraction-wholes%3Afraction-original&seed=2&generatorRevision=3"
"rule-fraction-original","fraction-wholes:fraction-original","129","3","COMP-68C90015","21","21","4","105/2","52.499999999999986","../qa/?familyId=rule-fraction-original&configuration=fraction-wholes%3Afraction-original&seed=129&generatorRevision=3"
"rule-fraction-original","fraction-wholes:fraction-original","2147483646","3","COMP-1481E786","8","8","3","24","24.00000000000002","../qa/?familyId=rule-fraction-original&configuration=fraction-wholes%3Afraction-original&seed=2147483646&generatorRevision=3"
"rule-fraction-original","fraction-wholes:fraction-original","2147483647","3","COMP-B5BCEB4B","10","10","2","80/3","26.666666666666636","../qa/?familyId=rule-fraction-original&configuration=fraction-wholes%3Afraction-original&seed=2147483647&generatorRevision=3"
"rule-packs-exact","finite-purchase:packs-exact","1","3","COMP-82B533FF","40","40","3","40","40","../qa/?familyId=rule-packs-exact&configuration=finite-purchase%3Apacks-exact&seed=1&generatorRevision=3"
"rule-packs-exact","finite-purchase:packs-exact","2","3","COMP-EC7ED17C","27","27","2","27","27","../qa/?familyId=rule-packs-exact&configuration=finite-purchase%3Apacks-exact&seed=2&generatorRevision=3"
"rule-packs-exact","finite-purchase:packs-exact","129","3","COMP-D7BD95C8","80","80","2","80","80","../qa/?familyId=rule-packs-exact&configuration=finite-purchase%3Apacks-exact&seed=129&generatorRevision=3"
"rule-packs-exact","finite-purchase:packs-exact","2147483646","3","COMP-D1433E95","34","34","3","34","34","../qa/?familyId=rule-packs-exact&configuration=finite-purchase%3Apacks-exact&seed=2147483646&generatorRevision=3"
"rule-packs-exact","finite-purchase:packs-exact","2147483647","3","COMP-F0B924CF","44","44","1","44","44","../qa/?familyId=rule-packs-exact&configuration=finite-purchase%3Apacks-exact&seed=2147483647&generatorRevision=3"
"rule-packs-enough","finite-purchase:packs-enough","1","3","COMP-DCE92297","40","40","3","0","0","../qa/?familyId=rule-packs-enough&configuration=finite-purchase%3Apacks-enough&seed=1&generatorRevision=3"
"rule-packs-enough","finite-purchase:packs-enough","2","3","COMP-B9A89E54","27","27","2","0","0","../qa/?familyId=rule-packs-enough&configuration=finite-purchase%3Apacks-enough&seed=2&generatorRevision=3"
"rule-packs-enough","finite-purchase:packs-enough","129","3","COMP-B1277F10","80","80","2","0","0","../qa/?familyId=rule-packs-enough&configuration=finite-purchase%3Apacks-enough&seed=129&generatorRevision=3"
"rule-packs-enough","finite-purchase:packs-enough","2147483646","3","COMP-FC3124FD","34","34","3","0","0","../qa/?familyId=rule-packs-enough&configuration=finite-purchase%3Apacks-enough&seed=2147483646&generatorRevision=3"
"rule-packs-enough","finite-purchase:packs-enough","2147483647","3","COMP-7571BB67","44","44","1","44","44","../qa/?familyId=rule-packs-enough&configuration=finite-purchase%3Apacks-enough&seed=2147483647&generatorRevision=3"
